fb_str;city;postcode;Number_of_students;faculty_plz
Fakultät für Biologie;Aalen;Undefined;3;97074
Fakultät für Biologie;Alzenau;63755;5;97074
Fakultät für Biologie;Ansbach;91522;10;97074
Fakultät für Biologie;Aschaffenburg;Undefined;6;97074
Fakultät für Biologie;Augsburg;Undefined;4;97074
Fakultät für Biologie;Bad Kissingen;97688;8;97074
Fakultät für Biologie;Bad Mergentheim;97980;6;97074
Fakultät für Biologie;Bamberg;96049;3;97074
Fakultät für Biologie;Bayreuth;Undefined;3;97074
Fakultät für Biologie;Berlin;Undefined;4;97074
Fakultät für Biologie;Bessenbach;63856;3;97074
Fakultät für Biologie;Coburg;96450;3;97074
Fakultät für Biologie;Crailsheim;74564;3;97074
Fakultät für Biologie;Dettelbach;97337;3;97074
Fakultät für Biologie;Dittelbrunn;97456;3;97074
Fakultät für Biologie;Erlangen;91054;3;97074
Fakultät für Biologie;Erlangen;Undefined;4;97074
Fakultät für Biologie;Esselbach;97839;3;97074
Fakultät für Biologie;Estenfeld;97230;3;97074
Fakultät für Biologie;Frankfurt am Main;Undefined;3;97074
Fakultät für Biologie;Freising;Undefined;3;97074
Fakultät für Biologie;Freudenberg;97896;3;97074
Fakultät für Biologie;Friedberg;Undefined;3;97074
Fakultät für Biologie;Fuchsstadt;97727;3;97074
Fakultät für Biologie;Fürth;90768;4;97074
Fakultät für Biologie;Gerbrunn;97218;30;97074
Fakultät für Biologie;Gochsheim;97469;3;97074
Fakultät für Biologie;Grafenrheinfeld;97506;3;97074
Fakultät für Biologie;Großostheim;63762;3;97074
Fakultät für Biologie;Haibach;63808;4;97074
Fakultät für Biologie;Hammelburg;97762;3;97074
Fakultät für Biologie;Heidelberg;69115;3;97074
Fakultät für Biologie;Heidelberg;69117;3;97074
Fakultät für Biologie;Heidelberg;Undefined;4;97074
Fakultät für Biologie;Heilbronn;Undefined;5;97074
Fakultät für Biologie;Heilsbronn;91560;3;97074
Fakultät für Biologie;Höchberg;97204;14;97074
Fakultät für Biologie;Hösbach;63768;3;97074
Fakultät für Biologie;Igersheim;97999;3;97074
Fakultät für Biologie;Iphofen;97346;4;97074
Fakultät für Biologie;Karlstadt;97753;9;97074
Fakultät für Biologie;Kitzingen;97318;8;97074
Fakultät für Biologie;Kürnach;97273;6;97074
Fakultät für Biologie;Lauda-Königshofen;97922;4;97074
Fakultät für Biologie;München;Undefined;9;97074
Fakultät für Biologie;Nördlingen;86720;3;97074
Fakultät für Biologie;Nürnberg;Undefined;7;97074
Fakultät für Biologie;Ochsenfurt;97199;3;97074
Fakultät für Biologie;Petersberg;36100;4;97074
Fakultät für Biologie;Randersacker;97236;3;97074
Fakultät für Biologie;Reichenberg;97234;5;97074
Fakultät für Biologie;Rimpar;97222;4;97074
Fakultät für Biologie;Rottendorf;97228;8;97074
Fakultät für Biologie;Röthlein;97520;3;97074
Fakultät für Biologie;Schweinfurt;97422;5;97074
Fakultät für Biologie;Schweinfurt;Undefined;4;97074
Fakultät für Biologie;Undefined;Undefined;609;97074
Fakultät für Biologie;Veitshöchheim;97209;9;97074
Fakultät für Biologie;Volkach;97332;4;97074
Fakultät für Biologie;Walldürn;74731;4;97074
Fakultät für Biologie;Weikersheim;97990;3;97074
Fakultät für Biologie;Werneck;97440;4;97074
Fakultät für Biologie;Wertheim;97877;4;97074
Fakultät für Biologie;Wiesbaden;Undefined;5;97074
Fakultät für Biologie;Winterhausen;97286;3;97074
Fakultät für Biologie;Würzburg;97070;58;97074
Fakultät für Biologie;Würzburg;97072;77;97074
Fakultät für Biologie;Würzburg;97074;115;97074
Fakultät für Biologie;Würzburg;97076;17;97074
Fakultät für Biologie;Würzburg;97078;17;97074
Fakultät für Biologie;Würzburg;97080;45;97074
Fakultät für Biologie;Würzburg;97082;31;97074
Fakultät für Biologie;Würzburg;97084;18;97074
Fakultät für Chemie und Pharmazie;Abtsgmünd;73453;3;97074
Fakultät für Chemie und Pharmazie;Alzenau;63755;7;97074
Fakultät für Chemie und Pharmazie;Ansbach;91522;3;97074
Fakultät für Chemie und Pharmazie;Arnstein;97450;3;97074
Fakultät für Chemie und Pharmazie;Aschaffenburg;63739;4;97074
Fakultät für Chemie und Pharmazie;Aschaffenburg;63741;5;97074
Fakultät für Chemie und Pharmazie;Aschaffenburg;63743;5;97074
Fakultät für Chemie und Pharmazie;Augsburg;Undefined;7;97074
Fakultät für Chemie und Pharmazie;Bad Homburg;Undefined;3;97074
Fakultät für Chemie und Pharmazie;Bad Kissingen;97688;9;97074
Fakultät für Chemie und Pharmazie;Bad Mergentheim;97980;6;97074
Fakultät für Chemie und Pharmazie;Bamberg;96049;4;97074
Fakultät für Chemie und Pharmazie;Bamberg;Undefined;4;97074
Fakultät für Chemie und Pharmazie;Bergtheim;97241;4;97074
Fakultät für Chemie und Pharmazie;Berlin;Undefined;3;97074
Fakultät für Chemie und Pharmazie;Burgsinn;97775;3;97074
Fakultät für Chemie und Pharmazie;Bürgstadt;63927;3;97074
Fakultät für Chemie und Pharmazie;Dettelbach;97337;4;97074
Fakultät für Chemie und Pharmazie;Dittelbrunn;97456;3;97074
Fakultät für Chemie und Pharmazie;Erlangen;91056;3;97074
Fakultät für Chemie und Pharmazie;Erlenbach am Main;63906;3;97074
Fakultät für Chemie und Pharmazie;Estenfeld;97230;5;97074
Fakultät für Chemie und Pharmazie;Frankfurt am Main;Undefined;6;97074
Fakultät für Chemie und Pharmazie;Freudenberg;97896;5;97074
Fakultät für Chemie und Pharmazie;Fulda;Undefined;4;97074
Fakultät für Chemie und Pharmazie;Fürth;Undefined;4;97074
Fakultät für Chemie und Pharmazie;Gerbrunn;97218;60;97074
Fakultät für Chemie und Pharmazie;Gerolzhofen;97447;7;97074
Fakultät für Chemie und Pharmazie;Grettstadt;97508;3;97074
Fakultät für Chemie und Pharmazie;Großrinderfeld;97950;5;97074
Fakultät für Chemie und Pharmazie;Göttingen;Undefined;3;97074
Fakultät für Chemie und Pharmazie;Hamburg;Undefined;3;97074
Fakultät für Chemie und Pharmazie;Hannover;Undefined;3;97074
Fakultät für Chemie und Pharmazie;Hardheim;74736;3;97074
Fakultät für Chemie und Pharmazie;Haßfurt;97437;6;97074
Fakultät für Chemie und Pharmazie;Heidelberg;Undefined;5;97074
Fakultät für Chemie und Pharmazie;Hettstadt;97265;4;97074
Fakultät für Chemie und Pharmazie;Hofheim;Undefined;3;97074
Fakultät für Chemie und Pharmazie;Hohenroth;97618;3;97074
Fakultät für Chemie und Pharmazie;Höchberg;97204;5;97074
Fakultät für Chemie und Pharmazie;Hünfeld;36088;3;97074
Fakultät für Chemie und Pharmazie;Ingolstadt;Undefined;4;97074
Fakultät für Chemie und Pharmazie;Karlstadt;97753;8;97074
Fakultät für Chemie und Pharmazie;Karsbach;97783;3;97074
Fakultät für Chemie und Pharmazie;Kitzingen;97318;19;97074
Fakultät für Chemie und Pharmazie;Knetzgau;97478;3;97074
Fakultät für Chemie und Pharmazie;Krumbach;86381;3;97074
Fakultät für Chemie und Pharmazie;Künzell;36093;5;97074
Fakultät für Chemie und Pharmazie;Kürnach;97273;5;97074
Fakultät für Chemie und Pharmazie;Lauda-Königshofen;97922;9;97074
Fakultät für Chemie und Pharmazie;Laufach;63846;3;97074
Fakultät für Chemie und Pharmazie;Lehrberg;91611;3;97074
Fakultät für Chemie und Pharmazie;Leonberg;71229;3;97074
Fakultät für Chemie und Pharmazie;Ludwigshafen;Undefined;4;97074
Fakultät für Chemie und Pharmazie;Mainbernheim;97350;3;97074
Fakultät für Chemie und Pharmazie;Mainz;Undefined;3;97074
Fakultät für Chemie und Pharmazie;Marktheidenfeld;97828;3;97074
Fakultät für Chemie und Pharmazie;Mellrichstadt;97638;4;97074
Fakultät für Chemie und Pharmazie;Memmingen;87700;6;97074
Fakultät für Chemie und Pharmazie;Miltenberg;63897;4;97074
Fakultät für Chemie und Pharmazie;Mindelheim;87719;3;97074
Fakultät für Chemie und Pharmazie;München;Undefined;11;97074
Fakultät für Chemie und Pharmazie;Neuendettelsau;91564;3;97074
Fakultät für Chemie und Pharmazie;Niedernberg;63843;4;97074
Fakultät für Chemie und Pharmazie;Niederwerrn;97464;3;97074
Fakultät für Chemie und Pharmazie;Nürnberg;Undefined;9;97074
Fakultät für Chemie und Pharmazie;Obbach;97502;3;97074
Fakultät für Chemie und Pharmazie;Obernbreit;97342;3;97074
Fakultät für Chemie und Pharmazie;Ochsenfurt;97199;3;97074
Fakultät für Chemie und Pharmazie;Osnabrück;Undefined;3;97074
Fakultät für Chemie und Pharmazie;Poppenhausen;Undefined;3;97074
Fakultät für Chemie und Pharmazie;Prichsenstadt;97357;4;97074
Fakultät für Chemie und Pharmazie;Randersacker;97236;5;97074
Fakultät für Chemie und Pharmazie;Regensburg;Undefined;7;97074
Fakultät für Chemie und Pharmazie;Reichenberg;97234;5;97074
Fakultät für Chemie und Pharmazie;Rimpar;97222;8;97074
Fakultät für Chemie und Pharmazie;Rottendorf;97228;4;97074
Fakultät für Chemie und Pharmazie;Schonungen;97453;4;97074
Fakultät für Chemie und Pharmazie;Schwaigern;74193;3;97074
Fakultät für Chemie und Pharmazie;Schweinfurt;97421;11;97074
Fakultät für Chemie und Pharmazie;Schweinfurt;97422;10;97074
Fakultät für Chemie und Pharmazie;Schweinfurt;97424;6;97074
Fakultät für Chemie und Pharmazie;Schwäbisch Hall;74523;3;97074
Fakultät für Chemie und Pharmazie;Sommerhausen;97286;3;97074
Fakultät für Chemie und Pharmazie;Stadtsteinach;95346;3;97074
Fakultät für Chemie und Pharmazie;Stuttgart;Undefined;7;97074
Fakultät für Chemie und Pharmazie;Tauberbischofsheim;97941;6;97074
Fakultät für Chemie und Pharmazie;Thüngersheim;97291;5;97074
Fakultät für Chemie und Pharmazie;Triefenstein;97855;3;97074
Fakultät für Chemie und Pharmazie;Tübingen;Undefined;3;97074
Fakultät für Chemie und Pharmazie;Ulm;Undefined;3;97074
Fakultät für Chemie und Pharmazie;Undefined;Undefined;761;97074
Fakultät für Chemie und Pharmazie;Unterpleichfeld;97294;4;97074
Fakultät für Chemie und Pharmazie;Veitshöchheim;97209;5;97074
Fakultät für Chemie und Pharmazie;Volkach;97332;3;97074
Fakultät für Chemie und Pharmazie;Weikersheim;97990;3;97074
Fakultät für Chemie und Pharmazie;Wertheim;97877;9;97074
Fakultät für Chemie und Pharmazie;Wiesbaden;Undefined;4;97074
Fakultät für Chemie und Pharmazie;Winterhausen;97286;3;97074
Fakultät für Chemie und Pharmazie;Würzburg;97070;77;97074
Fakultät für Chemie und Pharmazie;Würzburg;97072;102;97074
Fakultät für Chemie und Pharmazie;Würzburg;97074;158;97074
Fakultät für Chemie und Pharmazie;Würzburg;97076;33;97074
Fakultät für Chemie und Pharmazie;Würzburg;97078;20;97074
Fakultät für Chemie und Pharmazie;Würzburg;97080;57;97074
Fakultät für Chemie und Pharmazie;Würzburg;97082;36;97074
Fakultät für Chemie und Pharmazie;Würzburg;97084;34;97074
Fakultät für Chemie und Pharmazie;Zell am Main;97299;3;97074
Fakultät für Chemie und Pharmazie;Zellingen;97225;5;97074
Fakultät für Chemie und Pharmazie;Öhringen;74613;6;97074
Fakultät für Humanwissenschaften;Aachen;52064;3;97074
Fakultät für Humanwissenschaften;Aachen;52066;3;97074
Fakultät für Humanwissenschaften;Aalen;73431;4;97074
Fakultät für Humanwissenschaften;Aalen;73434;4;97074
Fakultät für Humanwissenschaften;Absberg;91720;3;97074
Fakultät für Humanwissenschaften;Alzenau;63755;10;97074
Fakultät für Humanwissenschaften;Amberg;92224;11;97074
Fakultät für Humanwissenschaften;Amorbach;63916;4;97074
Fakultät für Humanwissenschaften;Ansbach;91522;20;97074
Fakultät für Humanwissenschaften;Aschaffenburg;63739;10;97074
Fakultät für Humanwissenschaften;Aschaffenburg;63741;13;97074
Fakultät für Humanwissenschaften;Aschaffenburg;63743;15;97074
Fakultät für Humanwissenschaften;Asperg;71679;3;97074
Fakultät für Humanwissenschaften;Augsburg;86156;3;97074
Fakultät für Humanwissenschaften;Augsburg;86157;3;97074
Fakultät für Humanwissenschaften;Augsburg;86161;5;97074
Fakultät für Humanwissenschaften;Augsburg;86199;4;97074
Fakultät für Humanwissenschaften;Augsburg;Undefined;11;97074
Fakultät für Humanwissenschaften;Bad Abbach;93077;3;97074
Fakultät für Humanwissenschaften;Bad Hersfeld;36251;3;97074
Fakultät für Humanwissenschaften;Bad Homburg;61350;3;97074
Fakultät für Humanwissenschaften;Bad Kissingen;97688;17;97074
Fakultät für Humanwissenschaften;Bad Königshofen;97631;5;97074
Fakultät für Humanwissenschaften;Bad Mergentheim;97980;19;97074
Fakultät für Humanwissenschaften;Bad Neustadt;97616;6;97074
Fakultät für Humanwissenschaften;Bad Staffelstein;96231;3;97074
Fakultät für Humanwissenschaften;Bad Windsheim;91438;9;97074
Fakultät für Humanwissenschaften;Bamberg;96049;9;97074
Fakultät für Humanwissenschaften;Bamberg;96050;7;97074
Fakultät für Humanwissenschaften;Bamberg;96052;8;97074
Fakultät für Humanwissenschaften;Bayreuth;95445;4;97074
Fakultät für Humanwissenschaften;Bayreuth;95447;6;97074
Fakultät für Humanwissenschaften;Bayreuth;95448;5;97074
Fakultät für Humanwissenschaften;Bergrheinfeld;97493;6;97074
Fakultät für Humanwissenschaften;Bergtheim;97241;7;97074
Fakultät für Humanwissenschaften;Berlin;Undefined;27;97074
Fakultät für Humanwissenschaften;Biebelried;97318;5;97074
Fakultät für Humanwissenschaften;Billigheim;Undefined;3;97074
Fakultät für Humanwissenschaften;Birkenfeld;97834;7;97074
Fakultät für Humanwissenschaften;Bobingen;86399;3;97074
Fakultät für Humanwissenschaften;Bonn;Undefined;6;97074
Fakultät für Humanwissenschaften;Braunschweig;Undefined;3;97074
Fakultät für Humanwissenschaften;Breitengüßbach;96149;4;97074
Fakultät für Humanwissenschaften;Bruchköbel;63486;3;97074
Fakultät für Humanwissenschaften;Brühl;50321;3;97074
Fakultät für Humanwissenschaften;Burgbernheim;91593;3;97074
Fakultät für Humanwissenschaften;Burgsinn;97775;5;97074
Fakultät für Humanwissenschaften;Buxheim;87740;3;97074
Fakultät für Humanwissenschaften;Bütthard;97244;5;97074
Fakultät für Humanwissenschaften;Cadolzburg;90556;4;97074
Fakultät für Humanwissenschaften;Coburg;96450;6;97074
Fakultät für Humanwissenschaften;Crailsheim;74564;6;97074
Fakultät für Humanwissenschaften;Creglingen;97993;5;97074
Fakultät für Humanwissenschaften;Darmstadt;Undefined;4;97074
Fakultät für Humanwissenschaften;Dettelbach;97337;12;97074
Fakultät für Humanwissenschaften;Dillingen;89407;5;97074
Fakultät für Humanwissenschaften;Dinkelsbühl;91550;5;97074
Fakultät für Humanwissenschaften;Dittelbrunn;97456;6;97074
Fakultät für Humanwissenschaften;Dombühl;91601;3;97074
Fakultät für Humanwissenschaften;Donauwörth;86609;3;97074
Fakultät für Humanwissenschaften;Dorfprozelten;97904;3;97074
Fakultät für Humanwissenschaften;Dortmund;Undefined;4;97074
Fakultät für Humanwissenschaften;Dossenheim;Undefined;3;97074
Fakultät für Humanwissenschaften;Dresden;Undefined;3;97074
Fakultät für Humanwissenschaften;Duderstadt;37115;3;97074
Fakultät für Humanwissenschaften;Dürrwangen;91602;4;97074
Fakultät für Humanwissenschaften;Düsseldorf;Undefined;5;97074
Fakultät für Humanwissenschaften;Ebensfeld;96250;3;97074
Fakultät für Humanwissenschaften;Ehrenberg;36115;3;97074
Fakultät für Humanwissenschaften;Eibelstadt;97246;7;97074
Fakultät für Humanwissenschaften;Eichenzell;36124;4;97074
Fakultät für Humanwissenschaften;Eichstätt;85072;6;97074
Fakultät für Humanwissenschaften;Eisingen;97249;12;97074
Fakultät für Humanwissenschaften;Ellwangen;73479;3;97074
Fakultät für Humanwissenschaften;Elsenfeld;63820;4;97074
Fakultät für Humanwissenschaften;Eltmann;97483;3;97074
Fakultät für Humanwissenschaften;Emskirchen;91448;5;97074
Fakultät für Humanwissenschaften;Erlabrunn;97250;3;97074
Fakultät für Humanwissenschaften;Erlangen;91052;9;97074
Fakultät für Humanwissenschaften;Erlangen;91054;7;97074
Fakultät für Humanwissenschaften;Erlangen;91056;3;97074
Fakultät für Humanwissenschaften;Erlenbach a. Main;63906;4;97074
Fakultät für Humanwissenschaften;Essen;Undefined;5;97074
Fakultät für Humanwissenschaften;Essingen;73457;4;97074
Fakultät für Humanwissenschaften;Esslingen;Undefined;3;97074
Fakultät für Humanwissenschaften;Estenfeld;97230;23;97074
Fakultät für Humanwissenschaften;Ettleben;97440;4;97074
Fakultät für Humanwissenschaften;Euerbach;97502;3;97074
Fakultät für Humanwissenschaften;Eußenheim;97776;3;97074
Fakultät für Humanwissenschaften;Feuchtwangen;91555;11;97074
Fakultät für Humanwissenschaften;Flieden;36103;5;97074
Fakultät für Humanwissenschaften;Forchheim;91301;3;97074
Fakultät für Humanwissenschaften;Frammersbach;97833;7;97074
Fakultät für Humanwissenschaften;Frankenwinheim;97447;3;97074
Fakultät für Humanwissenschaften;Frankfurt;Undefined;4;97074
Fakultät für Humanwissenschaften;Frankfurt am Main;Undefined;9;97074
Fakultät für Humanwissenschaften;Freiburg;Undefined;3;97074
Fakultät für Humanwissenschaften;Freiburg im Breisgau;Undefined;3;97074
Fakultät für Humanwissenschaften;Freising;Undefined;3;97074
Fakultät für Humanwissenschaften;Fuchsstadt;97727;4;97074
Fakultät für Humanwissenschaften;Fulda;36041;6;97074
Fakultät für Humanwissenschaften;Fulda;36043;4;97074
Fakultät für Humanwissenschaften;Fulda;Undefined;4;97074
Fakultät für Humanwissenschaften;Fürth;90765;5;97074
Fakultät für Humanwissenschaften;Fürth;90766;4;97074
Fakultät für Humanwissenschaften;Fürth;90768;4;97074
Fakultät für Humanwissenschaften;Fürth;Undefined;3;97074
Fakultät für Humanwissenschaften;Gaildorf;74405;4;97074
Fakultät für Humanwissenschaften;Gaimersheim;85080;4;97074
Fakultät für Humanwissenschaften;Garmisch-Partenkirchen;82467;3;97074
Fakultät für Humanwissenschaften;Geldersheim;97505;3;97074
Fakultät für Humanwissenschaften;Gemünden;97737;8;97074
Fakultät für Humanwissenschaften;Gemünden am Main;97737;6;97074
Fakultät für Humanwissenschaften;Gerbrunn;97218;52;97074
Fakultät für Humanwissenschaften;Geroldshausen;97256;5;97074
Fakultät für Humanwissenschaften;Gerolzhofen;97447;9;97074
Fakultät für Humanwissenschaften;Giebelstadt;97232;12;97074
Fakultät für Humanwissenschaften;Gießen;Undefined;4;97074
Fakultät für Humanwissenschaften;Gochsheim;97469;6;97074
Fakultät für Humanwissenschaften;Goldbach;63773;4;97074
Fakultät für Humanwissenschaften;Grafenrheinfeld;97506;5;97074
Fakultät für Humanwissenschaften;Grettstadt;97508;5;97074
Fakultät für Humanwissenschaften;Großostheim;63762;6;97074
Fakultät für Humanwissenschaften;Grünsfeld;97947;6;97074
Fakultät für Humanwissenschaften;Gundelsheim;74831;3;97074
Fakultät für Humanwissenschaften;Gunzenhausen;91710;6;97074
Fakultät für Humanwissenschaften;Gädheim;97503;3;97074
Fakultät für Humanwissenschaften;Göttingen;37075;3;97074
Fakultät für Humanwissenschaften;Göttingen;Undefined;3;97074
Fakultät für Humanwissenschaften;Güntersleben;97261;8;97074
Fakultät für Humanwissenschaften;Haibach;63808;5;97074
Fakultät für Humanwissenschaften;Hambach;97456;3;97074
Fakultät für Humanwissenschaften;Hamburg;Undefined;18;97074
Fakultät für Humanwissenschaften;Hammelburg;97762;10;97074
Fakultät für Humanwissenschaften;Hanau;63454;5;97074
Fakultät für Humanwissenschaften;Hanau;Undefined;3;97074
Fakultät für Humanwissenschaften;Hannover;Undefined;6;97074
Fakultät für Humanwissenschaften;Hardheim;74736;4;97074
Fakultät für Humanwissenschaften;Haßfurt;97437;8;97074
Fakultät für Humanwissenschaften;Hechingen;72379;3;97074
Fakultät für Humanwissenschaften;Heidelberg;69126;3;97074
Fakultät für Humanwissenschaften;Heidelberg;Undefined;9;97074
Fakultät für Humanwissenschaften;Heilbronn;74074;4;97074
Fakultät für Humanwissenschaften;Heilbronn;74078;4;97074
Fakultät für Humanwissenschaften;Heilsbronn;91560;4;97074
Fakultät für Humanwissenschaften;Helmstadt;97264;4;97074
Fakultät für Humanwissenschaften;Herbrechtingen;89542;3;97074
Fakultät für Humanwissenschaften;Herrieden;91567;7;97074
Fakultät für Humanwissenschaften;Hettstadt;97265;6;97074
Fakultät für Humanwissenschaften;Hilpoltstein;91161;5;97074
Fakultät für Humanwissenschaften;Himmelstadt;97267;4;97074
Fakultät für Humanwissenschaften;Hirschaid;96114;3;97074
Fakultät für Humanwissenschaften;Hof;95028;3;97074
Fakultät für Humanwissenschaften;Hof;Undefined;3;97074
Fakultät für Humanwissenschaften;Hofbieber;36145;4;97074
Fakultät für Humanwissenschaften;Hofheim;65719;3;97074
Fakultät für Humanwissenschaften;Höchberg;97204;38;97074
Fakultät für Humanwissenschaften;Höchstadt;91315;5;97074
Fakultät für Humanwissenschaften;Hösbach;63768;16;97074
Fakultät für Humanwissenschaften;Hünfeld;36088;3;97074
Fakultät für Humanwissenschaften;Idstein;65510;4;97074
Fakultät für Humanwissenschaften;Igersheim;97999;4;97074
Fakultät für Humanwissenschaften;Ingolstadt;85049;3;97074
Fakultät für Humanwissenschaften;Ingolstadt;85051;5;97074
Fakultät für Humanwissenschaften;Ingolstadt;85053;4;97074
Fakultät für Humanwissenschaften;Jagstzell;73489;3;97074
Fakultät für Humanwissenschaften;Johannesberg;63867;4;97074
Fakultät für Humanwissenschaften;Kano;Undefined;7;97074
Fakultät für Humanwissenschaften;Karbach;97842;4;97074
Fakultät für Humanwissenschaften;Karlsruhe;Undefined;6;97074
Fakultät für Humanwissenschaften;Karlstadt;97753;21;97074
Fakultät für Humanwissenschaften;Kassel;Undefined;7;97074
Fakultät für Humanwissenschaften;Kaufering;86916;3;97074
Fakultät für Humanwissenschaften;Kempten;87435;4;97074
Fakultät für Humanwissenschaften;Kempten;87439;3;97074
Fakultät für Humanwissenschaften;Kirchheim;97268;5;97074
Fakultät für Humanwissenschaften;Kirchheim;Undefined;3;97074
Fakultät für Humanwissenschaften;Kist;97270;4;97074
Fakultät für Humanwissenschaften;Kitzingen;97318;30;97074
Fakultät für Humanwissenschaften;Kleinlangheim;97355;4;97074
Fakultät für Humanwissenschaften;Kleinostheim;63801;4;97074
Fakultät für Humanwissenschaften;Kleinrinderfeld;97271;5;97074
Fakultät für Humanwissenschaften;Kleinwallstadt;63839;3;97074
Fakultät für Humanwissenschaften;Konstanz;Undefined;3;97074
Fakultät für Humanwissenschaften;Krefeld;Undefined;5;97074
Fakultät für Humanwissenschaften;Kreuzwertheim;97892;3;97074
Fakultät für Humanwissenschaften;Krumbach;86381;3;97074
Fakultät für Humanwissenschaften;Kulmbach;95326;5;97074
Fakultät für Humanwissenschaften;Köln;Undefined;11;97074
Fakultät für Humanwissenschaften;Königsbrunn;86343;3;97074
Fakultät für Humanwissenschaften;Külsheim;97900;4;97074
Fakultät für Humanwissenschaften;Künzell;36093;3;97074
Fakultät für Humanwissenschaften;Kürnach;97273;26;97074
Fakultät für Humanwissenschaften;Landsberg;86899;3;97074
Fakultät für Humanwissenschaften;Landshut;84034;4;97074
Fakultät für Humanwissenschaften;Landshut;Undefined;3;97074
Fakultät für Humanwissenschaften;Langenzenn;90579;3;97074
Fakultät für Humanwissenschaften;Langfurth;91731;4;97074
Fakultät für Humanwissenschaften;Lappersdorf;93138;5;97074
Fakultät für Humanwissenschaften;Lauda-Königshofen;97922;9;97074
Fakultät für Humanwissenschaften;Laufach;63846;3;97074
Fakultät für Humanwissenschaften;Leidersbach;63849;3;97074
Fakultät für Humanwissenschaften;Leinach;97274;3;97074
Fakultät für Humanwissenschaften;Leipzig;Undefined;4;97074
Fakultät für Humanwissenschaften;Leonberg;71229;3;97074
Fakultät für Humanwissenschaften;Leutershausen;91578;5;97074
Fakultät für Humanwissenschaften;Leutkirch;88299;5;97074
Fakultät für Humanwissenschaften;Lichtenfels;96215;8;97074
Fakultät für Humanwissenschaften;Lohr;97816;3;97074
Fakultät für Humanwissenschaften;Lohr a. Main;97816;4;97074
Fakultät für Humanwissenschaften;Lohr am Main;97816;10;97074
Fakultät für Humanwissenschaften;Löwenstein;74245;3;97074
Fakultät für Humanwissenschaften;Lützelbach;64750;4;97074
Fakultät für Humanwissenschaften;Mainaschaff;63814;4;97074
Fakultät für Humanwissenschaften;Mainbernheim;97350;3;97074
Fakultät für Humanwissenschaften;Maintal;63477;4;97074
Fakultät für Humanwissenschaften;Mainz;Undefined;9;97074
Fakultät für Humanwissenschaften;Manching;85077;3;97074
Fakultät für Humanwissenschaften;Marburg;Undefined;4;97074
Fakultät für Humanwissenschaften;Margetshöchheim;97276;9;97074
Fakultät für Humanwissenschaften;Marktbreit;97340;5;97074
Fakultät für Humanwissenschaften;Marktheidenfeld;97828;13;97074
Fakultät für Humanwissenschaften;Marktoberdorf;87616;5;97074
Fakultät für Humanwissenschaften;Marktredwitz;95615;3;97074
Fakultät für Humanwissenschaften;Marktsteft;97342;3;97074
Fakultät für Humanwissenschaften;Martinsheim;97340;3;97074
Fakultät für Humanwissenschaften;Meiningen;98617;3;97074
Fakultät für Humanwissenschaften;Memmingen;87700;9;97074
Fakultät für Humanwissenschaften;Metten;94526;3;97074
Fakultät für Humanwissenschaften;Miltenberg;63897;5;97074
Fakultät für Humanwissenschaften;Mosbach;74821;5;97074
Fakultät für Humanwissenschaften;Mutlangen;73557;3;97074
Fakultät für Humanwissenschaften;Mömbris;63776;5;97074
Fakultät für Humanwissenschaften;München;81245;3;97074
Fakultät für Humanwissenschaften;München;81377;3;97074
Fakultät für Humanwissenschaften;München;81541;3;97074
Fakultät für Humanwissenschaften;München;81545;3;97074
Fakultät für Humanwissenschaften;München;81825;3;97074
Fakultät für Humanwissenschaften;München;81827;3;97074
Fakultät für Humanwissenschaften;München;Undefined;25;97074
Fakultät für Humanwissenschaften;Münnerstadt;97702;7;97074
Fakultät für Humanwissenschaften;Münster;Undefined;7;97074
Fakultät für Humanwissenschaften;Neckargemünd;69151;3;97074
Fakultät für Humanwissenschaften;Neckarsulm;74172;5;97074
Fakultät für Humanwissenschaften;Neresheim;73450;3;97074
Fakultät für Humanwissenschaften;Neuendettelsau;91564;7;97074
Fakultät für Humanwissenschaften;Neuenstadt;74196;3;97074
Fakultät für Humanwissenschaften;Neumarkt;92318;4;97074
Fakultät für Humanwissenschaften;Neunkirchen;Undefined;3;97074
Fakultät für Humanwissenschaften;Neunkirchen am Brand;91077;5;97074
Fakultät für Humanwissenschaften;Neustadt;Undefined;3;97074
Fakultät für Humanwissenschaften;Neustadt an der Aisch;91413;4;97074
Fakultät für Humanwissenschaften;Neusäß;86356;6;97074
Fakultät für Humanwissenschaften;Niederlauer;97618;3;97074
Fakultät für Humanwissenschaften;Niederstetten;97996;3;97074
Fakultät für Humanwissenschaften;Niederwerrn;97464;9;97074
Fakultät für Humanwissenschaften;Nördlingen;86720;7;97074
Fakultät für Humanwissenschaften;Nüdlingen;97720;10;97074
Fakultät für Humanwissenschaften;Nürnberg;90409;4;97074
Fakultät für Humanwissenschaften;Nürnberg;90411;5;97074
Fakultät für Humanwissenschaften;Nürnberg;90425;3;97074
Fakultät für Humanwissenschaften;Nürnberg;90431;3;97074
Fakultät für Humanwissenschaften;Nürnberg;90453;3;97074
Fakultät für Humanwissenschaften;Nürnberg;90455;4;97074
Fakultät für Humanwissenschaften;Nürnberg;90469;3;97074
Fakultät für Humanwissenschaften;Nürnberg;90482;4;97074
Fakultät für Humanwissenschaften;Nürnberg;Undefined;17;97074
Fakultät für Humanwissenschaften;Obernbreit;97342;6;97074
Fakultät für Humanwissenschaften;Obernburg;63785;3;97074
Fakultät für Humanwissenschaften;Obersulm;74182;4;97074
Fakultät für Humanwissenschaften;Oberthulba;97723;4;97074
Fakultät für Humanwissenschaften;Oberursel;61440;4;97074
Fakultät für Humanwissenschaften;Ochsenfurt;97199;17;97074
Fakultät für Humanwissenschaften;Oerlenbach;97714;3;97074
Fakultät für Humanwissenschaften;Oettingen;86732;3;97074
Fakultät für Humanwissenschaften;Oldenburg;Undefined;3;97074
Fakultät für Humanwissenschaften;Osterburken;74706;5;97074
Fakultät für Humanwissenschaften;Ostfildern;73760;3;97074
Fakultät für Humanwissenschaften;Partenstein;97846;5;97074
Fakultät für Humanwissenschaften;Passau;94034;4;97074
Fakultät für Humanwissenschaften;Pecs;Undefined;3;97074
Fakultät für Humanwissenschaften;Pegnitz;91257;5;97074
Fakultät für Humanwissenschaften;Petersberg;36100;6;97074
Fakultät für Humanwissenschaften;Pforzheim;75181;3;97074
Fakultät für Humanwissenschaften;Poppenhausen;36163;3;97074
Fakultät für Humanwissenschaften;Poppenhausen;97490;3;97074
Fakultät für Humanwissenschaften;Pulheim;50259;3;97074
Fakultät für Humanwissenschaften;Rain;Undefined;3;97074
Fakultät für Humanwissenschaften;Randersacker;97236;11;97074
Fakultät für Humanwissenschaften;Regensburg;93049;6;97074
Fakultät für Humanwissenschaften;Regensburg;93053;5;97074
Fakultät für Humanwissenschaften;Regensburg;93057;3;97074
Fakultät für Humanwissenschaften;Regensburg;93059;3;97074
Fakultät für Humanwissenschaften;Regensburg;Undefined;6;97074
Fakultät für Humanwissenschaften;Reichenberg;97234;14;97074
Fakultät für Humanwissenschaften;Remlingen;97280;5;97074
Fakultät für Humanwissenschaften;Reutlingen;Undefined;3;97074
Fakultät für Humanwissenschaften;Rieneck;97794;5;97074
Fakultät für Humanwissenschaften;Rimpar;97222;23;97074
Fakultät für Humanwissenschaften;Rosenheim;Undefined;3;97074
Fakultät für Humanwissenschaften;Roth;91154;6;97074
Fakultät für Humanwissenschaften;Rothenburg ob der Tauber;91541;5;97074
Fakultät für Humanwissenschaften;Rottendorf;97228;19;97074
Fakultät für Humanwissenschaften;Roßtal;90574;4;97074
Fakultät für Humanwissenschaften;Röthlein;97520;4;97074
Fakultät für Humanwissenschaften;Salz;97616;4;97074
Fakultät für Humanwissenschaften;Satteldorf;74589;3;97074
Fakultät für Humanwissenschaften;Schlüchtern;36381;3;97074
Fakultät für Humanwissenschaften;Schlüsselfeld;96132;4;97074
Fakultät für Humanwissenschaften;Schorndorf;Undefined;3;97074
Fakultät für Humanwissenschaften;Schrozberg;74575;5;97074
Fakultät für Humanwissenschaften;Schwabach;91126;7;97074
Fakultät für Humanwissenschaften;Schwabmünchen;86830;4;97074
Fakultät für Humanwissenschaften;Schwaig;90571;3;97074
Fakultät für Humanwissenschaften;Schwanfeld;97523;4;97074
Fakultät für Humanwissenschaften;Schwarzenbruck;90592;3;97074
Fakultät für Humanwissenschaften;Schwebheim;97525;5;97074
Fakultät für Humanwissenschaften;Schweinfurt;97421;16;97074
Fakultät für Humanwissenschaften;Schweinfurt;97422;19;97074
Fakultät für Humanwissenschaften;Schweinfurt;97424;6;97074
Fakultät für Humanwissenschaften;Schwäbisch Gmünd;73527;4;97074
Fakultät für Humanwissenschaften;Schwäbisch Gmünd;Undefined;3;97074
Fakultät für Humanwissenschaften;Schwäbisch Hall;74523;4;97074
Fakultät für Humanwissenschaften;Segnitz;97340;3;97074
Fakultät für Humanwissenschaften;Senden;89250;3;97074
Fakultät für Humanwissenschaften;Sennfeld;97526;5;97074
Fakultät für Humanwissenschaften;Sinsheim;74889;3;97074
Fakultät für Humanwissenschaften;Sommerhausen;97286;6;97074
Fakultät für Humanwissenschaften;Sonthofen;87527;4;97074
Fakultät für Humanwissenschaften;Stadtbergen;86391;4;97074
Fakultät für Humanwissenschaften;Stadtlauringen;97488;4;97074
Fakultät für Humanwissenschaften;Stammheim;97509;3;97074
Fakultät für Humanwissenschaften;Stegaurach;96135;4;97074
Fakultät für Humanwissenschaften;Steinfeld;97854;3;97074
Fakultät für Humanwissenschaften;Stockheim;96342;5;97074
Fakultät für Humanwissenschaften;Straubing;94315;6;97074
Fakultät für Humanwissenschaften;Stuttgart;70184;3;97074
Fakultät für Humanwissenschaften;Stuttgart;70599;3;97074
Fakultät für Humanwissenschaften;Stuttgart;Undefined;19;97074
Fakultät für Humanwissenschaften;Sulzbach;63834;3;97074
Fakultät für Humanwissenschaften;Sulzbach am Main;63834;3;97074
Fakultät für Humanwissenschaften;Sulzthal;97717;3;97074
Fakultät für Humanwissenschaften;Talheim;74388;3;97074
Fakultät für Humanwissenschaften;Tauberbischofsheim;97941;20;97074
Fakultät für Humanwissenschaften;Theilheim;97288;3;97074
Fakultät für Humanwissenschaften;Thüngersheim;97291;7;97074
Fakultät für Humanwissenschaften;Triefenstein;97855;3;97074
Fakultät für Humanwissenschaften;Tübingen;72070;4;97074
Fakultät für Humanwissenschaften;Tübingen;72072;3;97074
Fakultät für Humanwissenschaften;Uettingen;97292;5;97074
Fakultät für Humanwissenschaften;Uffenheim;97215;7;97074
Fakultät für Humanwissenschaften;Ulm;89075;3;97074
Fakultät für Humanwissenschaften;Ulm;Undefined;6;97074
Fakultät für Humanwissenschaften;Undefined;Undefined;1724;97074
Fakultät für Humanwissenschaften;Unterpleichfeld;97294;7;97074
Fakultät für Humanwissenschaften;Urspringen;97857;3;97074
Fakultät für Humanwissenschaften;Veitsbronn;90587;3;97074
Fakultät für Humanwissenschaften;Veitshöchheim;97209;32;97074
Fakultät für Humanwissenschaften;Volkach;97332;18;97074
Fakultät für Humanwissenschaften;Waiblingen;Undefined;3;97074
Fakultät für Humanwissenschaften;Waigolshausen;97534;8;97074
Fakultät für Humanwissenschaften;Waldbrunn;97295;5;97074
Fakultät für Humanwissenschaften;Waldbüttelbrunn;97297;9;97074
Fakultät für Humanwissenschaften;Walldürn;74731;7;97074
Fakultät für Humanwissenschaften;Walsdorf;96194;4;97074
Fakultät für Humanwissenschaften;Wargolshausen;97618;3;97074
Fakultät für Humanwissenschaften;Weiden;92637;5;97074
Fakultät für Humanwissenschaften;Weidenbach;91746;3;97074
Fakultät für Humanwissenschaften;Weikersheim;97990;4;97074
Fakultät für Humanwissenschaften;Weißenburg;91781;5;97074
Fakultät für Humanwissenschaften;Wemding;86650;3;97074
Fakultät für Humanwissenschaften;Werbach;97956;4;97074
Fakultät für Humanwissenschaften;Werneck;97440;8;97074
Fakultät für Humanwissenschaften;Wertheim;97877;27;97074
Fakultät für Humanwissenschaften;Westhausen;73463;5;97074
Fakultät für Humanwissenschaften;Wettringen;91631;3;97074
Fakultät für Humanwissenschaften;Wiesbaden;Undefined;9;97074
Fakultät für Humanwissenschaften;Wiesenbronn;97355;3;97074
Fakultät für Humanwissenschaften;Wiesentheid;97353;8;97074
Fakultät für Humanwissenschaften;Willanzheim;97348;3;97074
Fakultät für Humanwissenschaften;Winterhausen;97286;3;97074
Fakultät für Humanwissenschaften;Wuppertal;Undefined;3;97074
Fakultät für Humanwissenschaften;Würzburg;97070;338;97074
Fakultät für Humanwissenschaften;Würzburg;97072;410;97074
Fakultät für Humanwissenschaften;Würzburg;97074;350;97074
Fakultät für Humanwissenschaften;Würzburg;97076;63;97074
Fakultät für Humanwissenschaften;Würzburg;97078;66;97074
Fakultät für Humanwissenschaften;Würzburg;97080;214;97074
Fakultät für Humanwissenschaften;Würzburg;97082;214;97074
Fakultät für Humanwissenschaften;Würzburg;97084;82;97074
Fakultät für Humanwissenschaften;Zell a. Main;97299;5;97074
Fakultät für Humanwissenschaften;Zell am Main;97299;16;97074
Fakultät für Humanwissenschaften;Zellingen;97225;14;97074
Fakultät für Humanwissenschaften;Zirndorf;90513;3;97074
Fakultät für Humanwissenschaften;Öhringen;74613;4;97074
Fakultät für Mathematik und Informatik;Altertheim;97237;3;97074
Fakultät für Mathematik und Informatik;Alzenau;63755;6;97074
Fakultät für Mathematik und Informatik;Ansbach;91522;16;97074
Fakultät für Mathematik und Informatik;Arnstein;97450;7;97074
Fakultät für Mathematik und Informatik;Aschaffenburg;63739;5;97074
Fakultät für Mathematik und Informatik;Aschaffenburg;63741;8;97074
Fakultät für Mathematik und Informatik;Aschaffenburg;63743;8;97074
Fakultät für Mathematik und Informatik;Augsburg;Undefined;4;97074
Fakultät für Mathematik und Informatik;Bad Bocklet;97708;4;97074
Fakultät für Mathematik und Informatik;Bad Kissingen;97688;9;97074
Fakultät für Mathematik und Informatik;Bad Königshofen;97631;3;97074
Fakultät für Mathematik und Informatik;Bad Mergentheim;97980;9;97074
Fakultät für Mathematik und Informatik;Bad Neustadt;97616;3;97074
Fakultät für Mathematik und Informatik;Bad Windsheim;91438;4;97074
Fakultät für Mathematik und Informatik;Bamberg;96052;3;97074
Fakultät für Mathematik und Informatik;Bamberg;Undefined;4;97074
Fakultät für Mathematik und Informatik;Bayreuth;Undefined;3;97074
Fakultät für Mathematik und Informatik;Bergrheinfeld;97493;5;97074
Fakultät für Mathematik und Informatik;Berlin;Undefined;5;97074
Fakultät für Mathematik und Informatik;Boxberg;97944;3;97074
Fakultät für Mathematik und Informatik;Buchen;74722;4;97074
Fakultät für Mathematik und Informatik;Coburg;96450;4;97074
Fakultät für Mathematik und Informatik;Creglingen;97993;4;97074
Fakultät für Mathematik und Informatik;Dettelbach;97337;8;97074
Fakultät für Mathematik und Informatik;Dinkelsbühl;91550;4;97074
Fakultät für Mathematik und Informatik;Eibelstadt;97246;3;97074
Fakultät für Mathematik und Informatik;Eisingen;97249;11;97074
Fakultät für Mathematik und Informatik;Elfershausen;97725;4;97074
Fakultät für Mathematik und Informatik;Erfurt;Undefined;3;97074
Fakultät für Mathematik und Informatik;Erlangen;Undefined;3;97074
Fakultät für Mathematik und Informatik;Estenfeld;97230;7;97074
Fakultät für Mathematik und Informatik;Feuchtwangen;91555;3;97074
Fakultät für Mathematik und Informatik;Frammersbach;97833;5;97074
Fakultät für Mathematik und Informatik;Frankfurt am Main;Undefined;3;97074
Fakultät für Mathematik und Informatik;Fulda;36041;5;97074
Fakultät für Mathematik und Informatik;Fürth;Undefined;4;97074
Fakultät für Mathematik und Informatik;Gemünden;97737;4;97074
Fakultät für Mathematik und Informatik;Gerbrunn;97218;56;97074
Fakultät für Mathematik und Informatik;Gerolzhofen;97447;6;97074
Fakultät für Mathematik und Informatik;Giebelstadt;97232;6;97074
Fakultät für Mathematik und Informatik;Goldbach;63773;4;97074
Fakultät für Mathematik und Informatik;Grafenrheinfeld;97506;3;97074
Fakultät für Mathematik und Informatik;Großheubach;63920;3;97074
Fakultät für Mathematik und Informatik;Großostheim;63762;3;97074
Fakultät für Mathematik und Informatik;Großrinderfeld;97950;7;97074
Fakultät für Mathematik und Informatik;Gunzenhausen;91710;3;97074
Fakultät für Mathematik und Informatik;Güntersleben;97261;7;97074
Fakultät für Mathematik und Informatik;Hamburg;Undefined;6;97074
Fakultät für Mathematik und Informatik;Hammelburg;97762;3;97074
Fakultät für Mathematik und Informatik;Hannover;Undefined;3;97074
Fakultät für Mathematik und Informatik;Hardheim;74736;3;97074
Fakultät für Mathematik und Informatik;Hausen;Undefined;3;97074
Fakultät für Mathematik und Informatik;Haßfurt;97437;6;97074
Fakultät für Mathematik und Informatik;Hettstadt;97265;5;97074
Fakultät für Mathematik und Informatik;Himmelstadt;97267;4;97074
Fakultät für Mathematik und Informatik;Hof;Undefined;3;97074
Fakultät für Mathematik und Informatik;Höchberg;97204;20;97074
Fakultät für Mathematik und Informatik;Hösbach;63768;6;97074
Fakultät für Mathematik und Informatik;Igersheim;97999;3;97074
Fakultät für Mathematik und Informatik;Iphofen;97346;5;97074
Fakultät für Mathematik und Informatik;Karlstadt;97753;15;97074
Fakultät für Mathematik und Informatik;Kempten;87435;3;97074
Fakultät für Mathematik und Informatik;Kist;97270;3;97074
Fakultät für Mathematik und Informatik;Kitzingen;97318;16;97074
Fakultät für Mathematik und Informatik;Kleinwallstadt;63839;3;97074
Fakultät für Mathematik und Informatik;Kreßberg;74594;3;97074
Fakultät für Mathematik und Informatik;Kürnach;97273;7;97074
Fakultät für Mathematik und Informatik;Lauda-Königshofen;97922;7;97074
Fakultät für Mathematik und Informatik;Laufach;63846;5;97074
Fakultät für Mathematik und Informatik;Lohr am Main;97816;8;97074
Fakultät für Mathematik und Informatik;Mainbernheim;97350;5;97074
Fakultät für Mathematik und Informatik;Margetshöchheim;97276;9;97074
Fakultät für Mathematik und Informatik;Marktbreit;97340;4;97074
Fakultät für Mathematik und Informatik;Marktheidenfeld;97828;14;97074
Fakultät für Mathematik und Informatik;Miltenberg;63897;3;97074
Fakultät für Mathematik und Informatik;Mömbris;63776;5;97074
Fakultät für Mathematik und Informatik;München;Undefined;10;97074
Fakultät für Mathematik und Informatik;Neubrunn;97277;3;97074
Fakultät für Mathematik und Informatik;Neuendorf;97788;3;97074
Fakultät für Mathematik und Informatik;Niederstetten;97996;3;97074
Fakultät für Mathematik und Informatik;Niederwerrn;97464;6;97074
Fakultät für Mathematik und Informatik;Nördlingen;86720;3;97074
Fakultät für Mathematik und Informatik;Nürnberg;Undefined;5;97074
Fakultät für Mathematik und Informatik;Oberthulba;97723;4;97074
Fakultät für Mathematik und Informatik;Ochsenfurt;97199;12;97074
Fakultät für Mathematik und Informatik;Oerlenbach;97714;3;97074
Fakultät für Mathematik und Informatik;Prichsenstadt;97357;3;97074
Fakultät für Mathematik und Informatik;Prosselsheim;97279;4;97074
Fakultät für Mathematik und Informatik;Randersacker;97236;4;97074
Fakultät für Mathematik und Informatik;Reichenberg;97234;6;97074
Fakultät für Mathematik und Informatik;Retzstadt;97282;5;97074
Fakultät für Mathematik und Informatik;Rimpar;97222;10;97074
Fakultät für Mathematik und Informatik;Rottendorf;97228;14;97074
Fakultät für Mathematik und Informatik;Rödelsee;97348;4;97074
Fakultät für Mathematik und Informatik;Salz;97616;3;97074
Fakultät für Mathematik und Informatik;Schonungen;97453;3;97074
Fakultät für Mathematik und Informatik;Schwarzach am Main;97359;5;97074
Fakultät für Mathematik und Informatik;Schwebheim;97525;4;97074
Fakultät für Mathematik und Informatik;Schweinfurt;97421;8;97074
Fakultät für Mathematik und Informatik;Schweinfurt;97422;13;97074
Fakultät für Mathematik und Informatik;Sennfeld;97526;3;97074
Fakultät für Mathematik und Informatik;Stuttgart;Undefined;3;97074
Fakultät für Mathematik und Informatik;Tauberbischofsheim;97941;4;97074
Fakultät für Mathematik und Informatik;Theilheim;97288;5;97074
Fakultät für Mathematik und Informatik;Thüngersheim;97291;3;97074
Fakultät für Mathematik und Informatik;Triefenstein;97855;6;97074
Fakultät für Mathematik und Informatik;Uettingen;97292;5;97074
Fakultät für Mathematik und Informatik;Uffenheim;97215;7;97074
Fakultät für Mathematik und Informatik;Undefined;Undefined;753;97074
Fakultät für Mathematik und Informatik;Veitshöchheim;97209;11;97074
Fakultät für Mathematik und Informatik;Volkach;97332;4;97074
Fakultät für Mathematik und Informatik;Waldaschaff;63857;7;97074
Fakultät für Mathematik und Informatik;Waldbrunn;97295;4;97074
Fakultät für Mathematik und Informatik;Waldbüttelbrunn;97297;9;97074
Fakultät für Mathematik und Informatik;Weißenhorn;89264;3;97074
Fakultät für Mathematik und Informatik;Werneck;97440;6;97074
Fakultät für Mathematik und Informatik;Wertheim;97877;9;97074
Fakultät für Mathematik und Informatik;Würzburg;97070;92;97074
Fakultät für Mathematik und Informatik;Würzburg;97072;119;97074
Fakultät für Mathematik und Informatik;Würzburg;97074;170;97074
Fakultät für Mathematik und Informatik;Würzburg;97076;35;97074
Fakultät für Mathematik und Informatik;Würzburg;97078;29;97074
Fakultät für Mathematik und Informatik;Würzburg;97080;86;97074
Fakultät für Mathematik und Informatik;Würzburg;97082;44;97074
Fakultät für Mathematik und Informatik;Würzburg;97084;51;97074
Fakultät für Mathematik und Informatik;Zell am Main;97299;6;97074
Fakultät für Mathematik und Informatik;Zellingen;97225;6;97074
Fakultät für Mathematik und Informatik;Üchtelhausen;97532;3;97074
Fakultät für Physik und Astronomie;Aschaffenburg;Undefined;3;97074
Fakultät für Physik und Astronomie;Bergrheinfeld;97493;3;97074
Fakultät für Physik und Astronomie;Coburg;96450;3;97074
Fakultät für Physik und Astronomie;Forchheim;91301;3;97074
Fakultät für Physik und Astronomie;Gerbrunn;97218;27;97074
Fakultät für Physik und Astronomie;Haßfurt;97437;4;97074
Fakultät für Physik und Astronomie;Höchberg;97204;7;97074
Fakultät für Physik und Astronomie;Kitzingen;97318;4;97074
Fakultät für Physik und Astronomie;Marktheidenfeld;97828;3;97074
Fakultät für Physik und Astronomie;München;Undefined;3;97074
Fakultät für Physik und Astronomie;Rimpar;97222;3;97074
Fakultät für Physik und Astronomie;Rottendorf;97228;3;97074
Fakultät für Physik und Astronomie;Röthlein;97520;3;97074
Fakultät für Physik und Astronomie;Undefined;Undefined;218;97074
Fakultät für Physik und Astronomie;Veitshöchheim;97209;3;97074
Fakultät für Physik und Astronomie;Würzburg;97070;25;97074
Fakultät für Physik und Astronomie;Würzburg;97072;21;97074
Fakultät für Physik und Astronomie;Würzburg;97074;46;97074
Fakultät für Physik und Astronomie;Würzburg;97076;13;97074
Fakultät für Physik und Astronomie;Würzburg;97078;8;97074
Fakultät für Physik und Astronomie;Würzburg;97080;20;97074
Fakultät für Physik und Astronomie;Würzburg;97082;11;97074
Fakultät für Physik und Astronomie;Würzburg;97084;11;97074
Fakultät für Physik und Astronomie;Zellingen;97225;3;97074
Juristische Fakultät;Aalen;73431;3;97070
Juristische Fakultät;Aalen;73434;3;97070
Juristische Fakultät;Abstatt;74232;4;97070
Juristische Fakultät;Albertshofen;97320;3;97070
Juristische Fakultät;Alzenau;63755;5;97070
Juristische Fakultät;Ansbach;91522;13;97070
Juristische Fakultät;Arnstein;97450;6;97070
Juristische Fakultät;Aschaffenburg;63739;5;97070
Juristische Fakultät;Aschaffenburg;63741;6;97070
Juristische Fakultät;Aschaffenburg;63743;6;97070
Juristische Fakultät;Asperg;71679;4;97070
Juristische Fakultät;Bad Brückenau;97769;3;97070
Juristische Fakultät;Bad Kissingen;97688;8;97070
Juristische Fakultät;Bad Mergentheim;97980;12;97070
Juristische Fakultät;Bad Neustadt;97616;5;97070
Juristische Fakultät;Bad Windsheim;91438;3;97070
Juristische Fakultät;Bamberg;96049;3;97070
Juristische Fakultät;Bayreuth;Undefined;3;97070
Juristische Fakultät;Bergrheinfeld;97493;5;97070
Juristische Fakultät;Berlin;Undefined;7;97070
Juristische Fakultät;Bietigheim-Bissingen;74321;3;97070
Juristische Fakultät;Bischberg;96120;4;97070
Juristische Fakultät;Bonn;Undefined;3;97070
Juristische Fakultät;Buchen;74722;3;97070
Juristische Fakultät;Böblingen;Undefined;3;97070
Juristische Fakultät;Bürgstadt;63927;3;97070
Juristische Fakultät;Coburg;96450;4;97070
Juristische Fakultät;Dietenhofen;90599;3;97070
Juristische Fakultät;Dittelbrunn;97456;7;97070
Juristische Fakultät;Dresden;Undefined;3;97070
Juristische Fakultät;Düsseldorf;Undefined;8;97070
Juristische Fakultät;Eibelstadt;97246;3;97070
Juristische Fakultät;Eichenzell;36124;4;97070
Juristische Fakultät;Eisingen;97249;4;97070
Juristische Fakultät;Eppingen;75031;5;97070
Juristische Fakultät;Erfurt;Undefined;3;97070
Juristische Fakultät;Essen;Undefined;5;97070
Juristische Fakultät;Estenfeld;97230;8;97070
Juristische Fakultät;Flein;74223;3;97070
Juristische Fakultät;Frankfurt am Main;Undefined;9;97070
Juristische Fakultät;Freiburg im Breisgau;Undefined;3;97070
Juristische Fakultät;Fulda;36037;8;97070
Juristische Fakultät;Fulda;36039;4;97070
Juristische Fakultät;Fulda;36041;7;97070
Juristische Fakultät;Fulda;36043;3;97070
Juristische Fakultät;Gemmingen;75050;3;97070
Juristische Fakultät;Gemünden;97737;4;97070
Juristische Fakultät;Gemünden a. Main;97737;5;97070
Juristische Fakultät;Gemünden am Main;97737;5;97070
Juristische Fakultät;Gerbrunn;97218;18;97070
Juristische Fakultät;Geroldshausen;97256;3;97070
Juristische Fakultät;Giebelstadt;97232;4;97070
Juristische Fakultät;Großostheim;63762;4;97070
Juristische Fakultät;Großrinderfeld;97950;5;97070
Juristische Fakultät;Güntersleben;97261;5;97070
Juristische Fakultät;Hamburg;Undefined;5;97070
Juristische Fakultät;Hanau;Undefined;3;97070
Juristische Fakultät;Hardheim;74736;3;97070
Juristische Fakultät;Haßfurt;97437;4;97070
Juristische Fakultät;Heidelberg;Undefined;3;97070
Juristische Fakultät;Heilbronn;74076;4;97070
Juristische Fakultät;Heilbronn;74078;3;97070
Juristische Fakultät;Heilbronn;Undefined;6;97070
Juristische Fakultät;Hettstadt;97265;3;97070
Juristische Fakultät;Hofbieber;36145;3;97070
Juristische Fakultät;Holzkirchen;Undefined;3;97070
Juristische Fakultät;Höchberg;97204;12;97070
Juristische Fakultät;Iphofen;97346;3;97070
Juristische Fakultät;Johannesberg;63867;3;97070
Juristische Fakultät;Karlsruhe;Undefined;3;97070
Juristische Fakultät;Karlstadt;97753;8;97070
Juristische Fakultät;Kassel;Undefined;4;97070
Juristische Fakultät;Kist;97270;3;97070
Juristische Fakultät;Kitzingen;97318;18;97070
Juristische Fakultät;Kleinheubach;63924;6;97070
Juristische Fakultät;Kleinostheim;63801;6;97070
Juristische Fakultät;Kleinwallstadt;63839;3;97070
Juristische Fakultät;Köln;Undefined;4;97070
Juristische Fakultät;Künzell;36093;6;97070
Juristische Fakultät;Kürnach;97273;4;97070
Juristische Fakultät;Lauda-Königshofen;97922;6;97070
Juristische Fakultät;Lauterbach;36341;3;97070
Juristische Fakultät;Leimen;69181;3;97070
Juristische Fakultät;Leinach;97274;3;97070
Juristische Fakultät;Leingarten;74211;4;97070
Juristische Fakultät;Leonberg;71229;3;97070
Juristische Fakultät;Lohr am Main;97816;3;97070
Juristische Fakultät;Mainz;Undefined;3;97070
Juristische Fakultät;Margetshöchheim;97276;3;97070
Juristische Fakultät;Meiningen;98617;5;97070
Juristische Fakultät;Mellrichstadt;97638;3;97070
Juristische Fakultät;Miltenberg;63897;5;97070
Juristische Fakultät;Mosbach;74821;4;97070
Juristische Fakultät;München;Undefined;17;97070
Juristische Fakultät;Neckarsulm;74172;6;97070
Juristische Fakultät;Niederwerrn;97464;3;97070
Juristische Fakultät;Nürnberg;Undefined;7;97070
Juristische Fakultät;Oberstenfeld;71720;3;97070
Juristische Fakultät;Ochsenfurt;97199;7;97070
Juristische Fakultät;Oldenburg;Undefined;3;97070
Juristische Fakultät;Petersberg;36100;9;97070
Juristische Fakultät;Prichsenstadt;97357;6;97070
Juristische Fakultät;Randersacker;97236;4;97070
Juristische Fakultät;Regensburg;Undefined;3;97070
Juristische Fakultät;Reichenberg;97234;5;97070
Juristische Fakultät;Rimpar;97222;7;97070
Juristische Fakultät;Rottendorf;97228;10;97070
Juristische Fakultät;Röthlein;97520;4;97070
Juristische Fakultät;Schweinfurt;97421;6;97070
Juristische Fakultät;Schweinfurt;97422;15;97070
Juristische Fakultät;Schweinfurt;97424;6;97070
Juristische Fakultät;Soest;59494;3;97070
Juristische Fakultät;Stuttgart;70469;3;97070
Juristische Fakultät;Stuttgart;Undefined;14;97070
Juristische Fakultät;Suhl;Undefined;4;97070
Juristische Fakultät;Tauberbischofsheim;97941;9;97070
Juristische Fakultät;Undefined;Undefined;751;97070
Juristische Fakultät;Veitshöchheim;97209;15;97070
Juristische Fakultät;Volkach;97332;7;97070
Juristische Fakultät;Waldbüttelbrunn;97297;6;97070
Juristische Fakultät;Wartenberg;36367;4;97070
Juristische Fakultät;Weikersheim;97990;3;97070
Juristische Fakultät;Weinsberg;74189;4;97070
Juristische Fakultät;Wertheim;97877;16;97070
Juristische Fakultät;Wiesentheid;97353;6;97070
Juristische Fakultät;Würzburg;97070;138;97070
Juristische Fakultät;Würzburg;97072;142;97070
Juristische Fakultät;Würzburg;97074;119;97070
Juristische Fakultät;Würzburg;97076;29;97070
Juristische Fakultät;Würzburg;97078;22;97070
Juristische Fakultät;Würzburg;97080;62;97070
Juristische Fakultät;Würzburg;97082;72;97070
Juristische Fakultät;Würzburg;97084;34;97070
Juristische Fakultät;Zell am Main;97299;3;97070
Juristische Fakultät;Öhringen;74613;4;97070
Katholisch-Theologische Fakultät;Gerbrunn;97218;3;97070
Katholisch-Theologische Fakultät;Undefined;Undefined;101;97070
Katholisch-Theologische Fakultät;Würzburg;97070;14;97070
Katholisch-Theologische Fakultät;Würzburg;97072;9;97070
Katholisch-Theologische Fakultät;Würzburg;97074;15;97070
Katholisch-Theologische Fakultät;Würzburg;97076;3;97070
Katholisch-Theologische Fakultät;Würzburg;97080;3;97070
Katholisch-Theologische Fakultät;Würzburg;97082;8;97070
Katholisch-Theologische Fakultät;Würzburg;Undefined;3;97070
Medizinische Fakultät;Aachen;52066;3;97080
Medizinische Fakultät;Aachen;52074;3;97080
Medizinische Fakultät;Aalen;Undefined;5;97080
Medizinische Fakultät;Alzenau;63755;3;97080
Medizinische Fakultät;Andernach;56626;3;97080
Medizinische Fakultät;Ansbach;91522;3;97080
Medizinische Fakultät;Arnstein;97450;3;97080
Medizinische Fakultät;Aschaffenburg;63739;6;97080
Medizinische Fakultät;Aschaffenburg;63741;5;97080
Medizinische Fakultät;Aschaffenburg;63743;5;97080
Medizinische Fakultät;Augsburg;86156;4;97080
Medizinische Fakultät;Augsburg;Undefined;7;97080
Medizinische Fakultät;Bad Homburg;61352;3;97080
Medizinische Fakultät;Bad Kissingen;97688;8;97080
Medizinische Fakultät;Bad Mergentheim;97980;9;97080
Medizinische Fakultät;Bad Neustadt;97616;3;97080
Medizinische Fakultät;Bamberg;96049;6;97080
Medizinische Fakultät;Bamberg;96052;4;97080
Medizinische Fakultät;Bayreuth;95445;3;97080
Medizinische Fakultät;Bayreuth;Undefined;4;97080
Medizinische Fakultät;Bergtheim;97241;4;97080
Medizinische Fakultät;Berlin;10439;3;97080
Medizinische Fakultät;Berlin;Undefined;18;97080
Medizinische Fakultät;Bielefeld;Undefined;3;97080
Medizinische Fakultät;Bietigheim-Bissingen;74321;4;97080
Medizinische Fakultät;Bonn;Undefined;10;97080
Medizinische Fakultät;Bremen;Undefined;3;97080
Medizinische Fakultät;Buchen;74722;3;97080
Medizinische Fakultät;Chemnitz;Undefined;3;97080
Medizinische Fakultät;Coburg;96450;3;97080
Medizinische Fakultät;Crailsheim;74564;4;97080
Medizinische Fakultät;Darmstadt;Undefined;3;97080
Medizinische Fakultät;Deggendorf;94469;3;97080
Medizinische Fakultät;Dettelbach;97337;7;97080
Medizinische Fakultät;Dreieich;63303;3;97080
Medizinische Fakultät;Düsseldorf;40489;3;97080
Medizinische Fakultät;Düsseldorf;Undefined;3;97080
Medizinische Fakultät;Eibelstadt;97246;3;97080
Medizinische Fakultät;Ensdorf;92266;3;97080
Medizinische Fakultät;Erfurt;Undefined;4;97080
Medizinische Fakultät;Erlangen;91052;3;97080
Medizinische Fakultät;Erlangen;91054;4;97080
Medizinische Fakultät;Erlangen;91056;3;97080
Medizinische Fakultät;Essen;Undefined;7;97080
Medizinische Fakultät;Esslingen;Undefined;3;97080
Medizinische Fakultät;Estenfeld;97230;10;97080
Medizinische Fakultät;Feuchtwangen;91555;3;97080
Medizinische Fakultät;Frankfurt;Undefined;3;97080
Medizinische Fakultät;Frankfurt am Main;Undefined;13;97080
Medizinische Fakultät;Freiburg;Undefined;6;97080
Medizinische Fakultät;Fulda;36039;4;97080
Medizinische Fakultät;Fulda;36041;3;97080
Medizinische Fakultät;Fulda;Undefined;3;97080
Medizinische Fakultät;Fürth;Undefined;4;97080
Medizinische Fakultät;Gerbrunn;97218;26;97080
Medizinische Fakultät;Gerolzhofen;97447;4;97080
Medizinische Fakultät;Gießen;Undefined;3;97080
Medizinische Fakultät;Gräfelfing;82166;3;97080
Medizinische Fakultät;Gunzenhausen;91710;3;97080
Medizinische Fakultät;Göttingen;Undefined;4;97080
Medizinische Fakultät;Güntersleben;97261;4;97080
Medizinische Fakultät;Günzburg;89312;3;97080
Medizinische Fakultät;Hamburg;Undefined;15;97080
Medizinische Fakultät;Hammelburg;97762;6;97080
Medizinische Fakultät;Hanau;Undefined;3;97080
Medizinische Fakultät;Hannover;Undefined;12;97080
Medizinische Fakultät;Haßfurt;97437;5;97080
Medizinische Fakultät;Heidelberg;69121;3;97080
Medizinische Fakultät;Heidenheim an der Brenz;Undefined;3;97080
Medizinische Fakultät;Heilbronn;74074;8;97080
Medizinische Fakultät;Heilbronn;74076;3;97080
Medizinische Fakultät;Heilsbronn;91560;4;97080
Medizinische Fakultät;Herten;Undefined;3;97080
Medizinische Fakultät;Hilpoltstein;91161;3;97080
Medizinische Fakultät;Hof;95030;3;97080
Medizinische Fakultät;Hof;Undefined;4;97080
Medizinische Fakultät;Hofheim;97461;3;97080
Medizinische Fakultät;Homburg;66424;3;97080
Medizinische Fakultät;Höchberg;97204;19;97080
Medizinische Fakultät;Hösbach;63768;3;97080
Medizinische Fakultät;Ilsfeld;74360;3;97080
Medizinische Fakultät;Ingolstadt;Undefined;5;97080
Medizinische Fakultät;Iphofen;97346;3;97080
Medizinische Fakultät;Jena;07743;3;97080
Medizinische Fakultät;Kaiserslautern;Undefined;3;97080
Medizinische Fakultät;Karlsruhe;Undefined;5;97080
Medizinische Fakultät;Karlstadt;97753;3;97080
Medizinische Fakultät;Kassel;34130;3;97080
Medizinische Fakultät;Kassel;Undefined;4;97080
Medizinische Fakultät;Kaufbeuren;87600;5;97080
Medizinische Fakultät;Kiel;Undefined;3;97080
Medizinische Fakultät;Kist;97270;3;97080
Medizinische Fakultät;Kitzingen;97318;13;97080
Medizinische Fakultät;Konstanz;Undefined;3;97080
Medizinische Fakultät;Krefeld;Undefined;3;97080
Medizinische Fakultät;Kulmbach;95326;3;97080
Medizinische Fakultät;Köln;Undefined;13;97080
Medizinische Fakultät;Kürnach;97273;4;97080
Medizinische Fakultät;Lappersdorf;93138;4;97080
Medizinische Fakultät;Lauda-Königshofen;97922;6;97080
Medizinische Fakultät;Lauterbach;36341;4;97080
Medizinische Fakultät;Leinach;97274;3;97080
Medizinische Fakultät;Leingarten;74211;3;97080
Medizinische Fakultät;Leipzig;04229;3;97080
Medizinische Fakultät;Leipzig;Undefined;14;97080
Medizinische Fakultät;Leonberg;71229;5;97080
Medizinische Fakultät;Lörrach;Undefined;3;97080
Medizinische Fakultät;Mainz;55129;3;97080
Medizinische Fakultät;Mainz;Undefined;10;97080
Medizinische Fakultät;Mannheim;Undefined;8;97080
Medizinische Fakultät;Marburg;35037;3;97080
Medizinische Fakultät;Margetshöchheim;97276;5;97080
Medizinische Fakultät;Marktheidenfeld;97828;6;97080
Medizinische Fakultät;Meckenbeuren;88074;3;97080
Medizinische Fakultät;Memmingen;87700;4;97080
Medizinische Fakultät;Mindelheim;87719;3;97080
Medizinische Fakultät;Minden;32429;3;97080
Medizinische Fakultät;Mosbach;74821;3;97080
Medizinische Fakultät;Mömbris;63776;3;97080
Medizinische Fakultät;Mönchengladbach;Undefined;4;97080
Medizinische Fakultät;Mühlhausen;Undefined;3;97080
Medizinische Fakultät;Münchberg;95213;3;97080
Medizinische Fakultät;München;81541;3;97080
Medizinische Fakultät;München;81667;3;97080
Medizinische Fakultät;München;Undefined;37;97080
Medizinische Fakultät;Münster;Undefined;6;97080
Medizinische Fakultät;Neckarsulm;74172;4;97080
Medizinische Fakultät;Neu-Ulm;Undefined;3;97080
Medizinische Fakultät;Neumarkt;92318;4;97080
Medizinische Fakultät;Neuss;Undefined;5;97080
Medizinische Fakultät;Neustadt;Undefined;3;97080
Medizinische Fakultät;Nördlingen;86720;3;97080
Medizinische Fakultät;Nürnberg;90482;4;97080
Medizinische Fakultät;Nürnberg;Undefined;15;97080
Medizinische Fakultät;Oberursel;61440;5;97080
Medizinische Fakultät;Ochsenfurt;97199;4;97080
Medizinische Fakultät;Oerlenbach;97714;3;97080
Medizinische Fakultät;Offenbach am Main;Undefined;3;97080
Medizinische Fakultät;Oldenburg;Undefined;6;97080
Medizinische Fakultät;Osnabrück;49076;3;97080
Medizinische Fakultät;Osnabrück;Undefined;4;97080
Medizinische Fakultät;Paderborn;Undefined;4;97080
Medizinische Fakultät;Passau;Undefined;5;97080
Medizinische Fakultät;Petersberg;36100;4;97080
Medizinische Fakultät;Randersacker;97236;7;97080
Medizinische Fakultät;Ratingen;Undefined;3;97080
Medizinische Fakultät;Regensburg;93051;4;97080
Medizinische Fakultät;Regensburg;93053;3;97080
Medizinische Fakultät;Regensburg;Undefined;5;97080
Medizinische Fakultät;Reutlingen;72762;4;97080
Medizinische Fakultät;Reutlingen;72766;3;97080
Medizinische Fakultät;Rimpar;97222;10;97080
Medizinische Fakultät;Rosenheim;Undefined;4;97080
Medizinische Fakultät;Roth;91154;4;97080
Medizinische Fakultät;Rottenburg;72108;4;97080
Medizinische Fakultät;Rottendorf;97228;7;97080
Medizinische Fakultät;Sankt Augustin;53757;4;97080
Medizinische Fakultät;Schonungen;97453;3;97080
Medizinische Fakultät;Schwanfeld;97523;3;97080
Medizinische Fakultät;Schweinfurt;97421;3;97080
Medizinische Fakultät;Schweinfurt;97422;9;97080
Medizinische Fakultät;Schweinfurt;97424;3;97080
Medizinische Fakultät;Schwäbisch Gmünd;Undefined;3;97080
Medizinische Fakultät;Sommerhausen;97286;3;97080
Medizinische Fakultät;Stadtbergen;86391;3;97080
Medizinische Fakultät;Stuttgart;70597;3;97080
Medizinische Fakultät;Stuttgart;Undefined;16;97080
Medizinische Fakultät;Tauberbischofsheim;97941;5;97080
Medizinische Fakultät;Tübingen;72072;3;97080
Medizinische Fakultät;Tübingen;Undefined;5;97080
Medizinische Fakultät;Uffenheim;97215;3;97080
Medizinische Fakultät;Undefined;Undefined;1195;97080
Medizinische Fakultät;Urspringen;97857;3;97080
Medizinische Fakultät;Uttenreuth;91080;4;97080
Medizinische Fakultät;Veitshöchheim;97209;20;97080
Medizinische Fakultät;Volkach;97332;5;97080
Medizinische Fakultät;Waldbüttelbrunn;97297;4;97080
Medizinische Fakultät;Waldkirchen;94065;3;97080
Medizinische Fakultät;Walldürn;74731;6;97080
Medizinische Fakultät;Wartenberg;36367;3;97080
Medizinische Fakultät;Weiden;92637;3;97080
Medizinische Fakultät;Weikersheim;97990;4;97080
Medizinische Fakultät;Weimar;99425;3;97080
Medizinische Fakultät;Weinheim;69469;3;97080
Medizinische Fakultät;Werneck;97440;4;97080
Medizinische Fakultät;Wertheim;97877;5;97080
Medizinische Fakultät;Wien;Undefined;6;97080
Medizinische Fakultät;Wiesbaden;Undefined;6;97080
Medizinische Fakultät;Würzburg;97070;272;97080
Medizinische Fakultät;Würzburg;97072;245;97080
Medizinische Fakultät;Würzburg;97074;177;97080
Medizinische Fakultät;Würzburg;97076;44;97080
Medizinische Fakultät;Würzburg;97078;83;97080
Medizinische Fakultät;Würzburg;97080;303;97080
Medizinische Fakultät;Würzburg;97082;100;97080
Medizinische Fakultät;Würzburg;97084;30;97080
Medizinische Fakultät;Zell a. Main;97299;3;97080
Medizinische Fakultät;Zell am Main;97299;5;97080
Medizinische Fakultät;Zirndorf;90513;4;97080
Medizinische Fakultät;würzburg;97072;3;97080
Philosophische Fakultät;Aachen;Undefined;3;97074
Philosophische Fakultät;Adelsheim;74740;3;97074
Philosophische Fakultät;Altertheim;97237;4;97074
Philosophische Fakultät;Alzenau;63755;7;97074
Philosophische Fakultät;Amorbach;63916;3;97074
Philosophische Fakultät;Ansbach;91522;27;97074
Philosophische Fakultät;Arnstein;97450;16;97074
Philosophische Fakultät;Aschaffenburg;63739;14;97074
Philosophische Fakultät;Aschaffenburg;63741;13;97074
Philosophische Fakultät;Aschaffenburg;63743;18;97074
Philosophische Fakultät;Aub;97239;3;97074
Philosophische Fakultät;Augsburg;Undefined;4;97074
Philosophische Fakultät;Bad Brückenau;97769;7;97074
Philosophische Fakultät;Bad Friedrichshall;74177;3;97074
Philosophische Fakultät;Bad Hersfeld;36251;5;97074
Philosophische Fakultät;Bad Kissingen;97688;20;97074
Philosophische Fakultät;Bad Königshofen;97631;3;97074
Philosophische Fakultät;Bad Mergentheim;97980;24;97074
Philosophische Fakultät;Bad Neustadt;97616;8;97074
Philosophische Fakultät;Bad Neustadt an der Saale;97616;4;97074
Philosophische Fakultät;Bad Staffelstein;96231;3;97074
Philosophische Fakultät;Bad Windsheim;91438;9;97074
Philosophische Fakultät;Bamberg;96047;3;97074
Philosophische Fakultät;Bamberg;96049;9;97074
Philosophische Fakultät;Bamberg;Undefined;4;97074
Philosophische Fakultät;Bastheim;97654;4;97074
Philosophische Fakultät;Baudenbach;91460;3;97074
Philosophische Fakultät;Bayreuth;95444;3;97074
Philosophische Fakultät;Bayreuth;95448;5;97074
Philosophische Fakultät;Bayreuth;Undefined;5;97074
Philosophische Fakultät;Bergtheim;97241;6;97074
Philosophische Fakultät;Berlin;Undefined;9;97074
Philosophische Fakultät;Bessenbach;63856;4;97074
Philosophische Fakultät;Bieberehren;97243;3;97074
Philosophische Fakultät;Bielefeld;Undefined;3;97074
Philosophische Fakultät;Bonn;Undefined;3;97074
Philosophische Fakultät;Boxberg;97944;7;97074
Philosophische Fakultät;Breitungen;98597;4;97074
Philosophische Fakultät;Bruckmühl;83052;3;97074
Philosophische Fakultät;Buchen;74722;8;97074
Philosophische Fakultät;Burgbernheim;91593;4;97074
Philosophische Fakultät;Burgsinn;97775;6;97074
Philosophische Fakultät;Burkardroth;97705;3;97074
Philosophische Fakultät;Bürgstadt;63927;6;97074
Philosophische Fakultät;Castell;97355;4;97074
Philosophische Fakultät;Coburg;96450;11;97074
Philosophische Fakultät;Crailsheim;74564;10;97074
Philosophische Fakultät;Creglingen;97993;3;97074
Philosophische Fakultät;Detmold;32760;4;97074
Philosophische Fakultät;Dettelbach;97337;12;97074
Philosophische Fakultät;Diespeck;91456;3;97074
Philosophische Fakultät;Dietenhofen;90599;4;97074
Philosophische Fakultät;Dinkelsbühl;91550;15;97074
Philosophische Fakultät;Dittelbrunn;97456;3;97074
Philosophische Fakultät;Dombühl;91601;4;97074
Philosophische Fakultät;Donauwörth;86609;3;97074
Philosophische Fakultät;Duderstadt;37115;4;97074
Philosophische Fakultät;Ebern;96106;3;97074
Philosophische Fakultät;Ehingen;91725;3;97074
Philosophische Fakultät;Eibelstadt;97246;12;97074
Philosophische Fakultät;Eichenbühl;63928;4;97074
Philosophische Fakultät;Eisingen;97249;8;97074
Philosophische Fakultät;Ellwangen;73479;7;97074
Philosophische Fakultät;Elsenfeld;63820;6;97074
Philosophische Fakultät;Eltmann;97483;3;97074
Philosophische Fakultät;Erfurt;Undefined;3;97074
Philosophische Fakultät;Ergersheim;91465;3;97074
Philosophische Fakultät;Erlabrunn;97250;5;97074
Philosophische Fakultät;Erlangen;91056;4;97074
Philosophische Fakultät;Erlangen;91058;3;97074
Philosophische Fakultät;Erlangen;Undefined;3;97074
Philosophische Fakultät;Erlenbach am Main;63906;5;97074
Philosophische Fakultät;Estenfeld;97230;13;97074
Philosophische Fakultät;Euerbach;97502;4;97074
Philosophische Fakultät;Eußenheim;97776;6;97074
Philosophische Fakultät;Faulbach;97906;5;97074
Philosophische Fakultät;Feuchtwangen;91555;6;97074
Philosophische Fakultät;Flieden;36103;3;97074
Philosophische Fakultät;Forchheim;91301;3;97074
Philosophische Fakultät;Frammersbach;97833;3;97074
Philosophische Fakultät;Frankfurt;Undefined;3;97074
Philosophische Fakultät;Frankfurt am Main;Undefined;6;97074
Philosophische Fakultät;Freiburg im Breisgau;Undefined;3;97074
Philosophische Fakultät;Freudenberg;97896;5;97074
Philosophische Fakultät;Freystadt;92342;3;97074
Philosophische Fakultät;Fuchsstadt;97727;3;97074
Philosophische Fakultät;Fulda;36037;4;97074
Philosophische Fakultät;Fulda;36039;7;97074
Philosophische Fakultät;Fulda;36041;9;97074
Philosophische Fakultät;Fulda;36043;4;97074
Philosophische Fakultät;Fürth;Undefined;6;97074
Philosophische Fakultät;Gaukönigshofen;97253;4;97074
Philosophische Fakultät;Geiselwind;96160;5;97074
Philosophische Fakultät;Geldersheim;97505;3;97074
Philosophische Fakultät;Gemünden;97737;12;97074
Philosophische Fakultät;Gemünden a. Main;97737;3;97074
Philosophische Fakultät;Gemünden am Main;97737;8;97074
Philosophische Fakultät;Gerbrunn;97218;74;97074
Philosophische Fakultät;Gerchsheim;97950;3;97074
Philosophische Fakultät;Geroldshausen;97256;3;97074
Philosophische Fakultät;Giebelstadt;97232;11;97074
Philosophische Fakultät;Glattbach;63864;3;97074
Philosophische Fakultät;Gochsheim;97469;7;97074
Philosophische Fakultät;Goldbach;63773;9;97074
Philosophische Fakultät;Grafenrheinfeld;97506;9;97074
Philosophische Fakultät;Grettstadt;97508;7;97074
Philosophische Fakultät;Großheubach;63920;6;97074
Philosophische Fakultät;Großostheim;63762;14;97074
Philosophische Fakultät;Großrinderfeld;97950;8;97074
Philosophische Fakultät;Gräfendorf;97782;3;97074
Philosophische Fakultät;Grünsfeld;97947;4;97074
Philosophische Fakultät;Gunzenhausen;91710;6;97074
Philosophische Fakultät;Göttingen;37085;4;97074
Philosophische Fakultät;Güntersleben;97261;14;97074
Philosophische Fakultät;Günzburg;89312;7;97074
Philosophische Fakultät;Hafenlohr;97840;7;97074
Philosophische Fakultät;Haibach;63808;12;97074
Philosophische Fakultät;Hamburg;Undefined;4;97074
Philosophische Fakultät;Hammelburg;97762;10;97074
Philosophische Fakultät;Hanau;63450;3;97074
Philosophische Fakultät;Hannover;Undefined;4;97074
Philosophische Fakultät;Hassfurt;97437;3;97074
Philosophische Fakultät;Haßfurt;97437;15;97074
Philosophische Fakultät;Heidelberg;Undefined;5;97074
Philosophische Fakultät;Heilbronn;74078;3;97074
Philosophische Fakultät;Heilbronn;Undefined;4;97074
Philosophische Fakultät;Helmbrechts;95233;4;97074
Philosophische Fakultät;Helmstadt;97264;4;97074
Philosophische Fakultät;Herrieden;91567;9;97074
Philosophische Fakultät;Hersbruck;91217;3;97074
Philosophische Fakultät;Hettstadt;97265;15;97074
Philosophische Fakultät;Hilpoltstein;91161;3;97074
Philosophische Fakultät;Himmelstadt;97267;5;97074
Philosophische Fakultät;Hof;95032;3;97074
Philosophische Fakultät;Hofbieber;36145;4;97074
Philosophische Fakultät;Hohenroth;97618;4;97074
Philosophische Fakultät;Holzkirchen;97292;3;97074
Philosophische Fakultät;Höchberg;97204;32;97074
Philosophische Fakultät;Höchstadt;91315;3;97074
Philosophische Fakultät;Höpfingen;74746;6;97074
Philosophische Fakultät;Hösbach;63768;18;97074
Philosophische Fakultät;Hünfeld;36088;3;97074
Philosophische Fakultät;Igersheim;97999;4;97074
Philosophische Fakultät;Illertissen;89257;3;97074
Philosophische Fakultät;Immenstadt;87509;3;97074
Philosophische Fakultät;Ingolstadt;Undefined;3;97074
Philosophische Fakultät;Iphofen;97346;12;97074
Philosophische Fakultät;Jena;Undefined;4;97074
Philosophische Fakultät;Johannesberg;63867;8;97074
Philosophische Fakultät;Karben;61184;5;97074
Philosophische Fakultät;Karlsruhe;Undefined;5;97074
Philosophische Fakultät;Karlstadt;97753;43;97074
Philosophische Fakultät;Karsbach;97783;3;97074
Philosophische Fakultät;Kassel;Undefined;3;97074
Philosophische Fakultät;Kaufbeuren;87600;3;97074
Philosophische Fakultät;Kempten;Undefined;5;97074
Philosophische Fakultät;Kirchheim;97268;5;97074
Philosophische Fakultät;Kirchzell;63931;3;97074
Philosophische Fakultät;Kist;97270;6;97074
Philosophische Fakultät;Kitzingen;97318;61;97074
Philosophische Fakultät;Kleinheubach;63924;4;97074
Philosophische Fakultät;Kleinlangheim;97355;5;97074
Philosophische Fakultät;Kleinostheim;63801;10;97074
Philosophische Fakultät;Kleinrinderfeld;97271;6;97074
Philosophische Fakultät;Kleinwallstadt;63839;4;97074
Philosophische Fakultät;Knetzgau;97478;6;97074
Philosophische Fakultät;Kolitzheim;97509;5;97074
Philosophische Fakultät;Krefeld;Undefined;3;97074
Philosophische Fakultät;Kreuzwertheim;97892;6;97074
Philosophische Fakultät;Kronach;96317;6;97074
Philosophische Fakultät;Köln;Undefined;5;97074
Philosophische Fakultät;Königheim;97953;4;97074
Philosophische Fakultät;Külsheim;97900;3;97074
Philosophische Fakultät;Künzell;36093;9;97074
Philosophische Fakultät;Künzelsau;74653;3;97074
Philosophische Fakultät;Kürnach;97273;20;97074
Philosophische Fakultät;Lauda-Königshofen;97922;15;97074
Philosophische Fakultät;Laufach;63846;7;97074
Philosophische Fakultät;Leinach;97274;7;97074
Philosophische Fakultät;Leipheim;89340;4;97074
Philosophische Fakultät;Leipzig;Undefined;4;97074
Philosophische Fakultät;Lohr;97816;8;97074
Philosophische Fakultät;Lohr a. Main;97816;5;97074
Philosophische Fakultät;Lohr am Main;97816;15;97074
Philosophische Fakultät;Mainaschaff;63814;3;97074
Philosophische Fakultät;Mainstockheim;97320;3;97074
Philosophische Fakultät;Maintal;63477;3;97074
Philosophische Fakultät;Mainz;Undefined;4;97074
Philosophische Fakultät;Margetshöchheim;97276;14;97074
Philosophische Fakultät;Marktbergel;91613;4;97074
Philosophische Fakultät;Marktbreit;97340;11;97074
Philosophische Fakultät;Marktheidenfeld;97828;27;97074
Philosophische Fakultät;Marktredwitz;95615;3;97074
Philosophische Fakultät;Marktsteft;97342;5;97074
Philosophische Fakultät;Martinsheim;97340;4;97074
Philosophische Fakultät;Meiningen;98617;6;97074
Philosophische Fakultät;Mellrichstadt;97638;8;97074
Philosophische Fakultät;Memmingen;87700;4;97074
Philosophische Fakultät;Miltenberg;63897;9;97074
Philosophische Fakultät;Mosbach;74821;6;97074
Philosophische Fakultät;Mömbris;63776;3;97074
Philosophische Fakultät;Mömlingen;63853;3;97074
Philosophische Fakultät;München;81827;3;97074
Philosophische Fakultät;München;Undefined;21;97074
Philosophische Fakultät;Münnerstadt;97702;5;97074
Philosophische Fakultät;Neubrunn;97277;4;97074
Philosophische Fakultät;Neuendorf;97788;6;97074
Philosophische Fakultät;Neusitz;91616;7;97074
Philosophische Fakultät;Neustadt a.d.Aisch;91413;3;97074
Philosophische Fakultät;Neustadt an der Aisch;91413;3;97074
Philosophische Fakultät;Niederlauer;97618;3;97074
Philosophische Fakultät;Niedernberg;63843;5;97074
Philosophische Fakultät;Niedernhall;74676;3;97074
Philosophische Fakultät;Niederstetten;97996;3;97074
Philosophische Fakultät;Niederwerrn;97464;7;97074
Philosophische Fakultät;Nördlingen;86720;7;97074
Philosophische Fakultät;Nüdlingen;97720;5;97074
Philosophische Fakultät;Nürnberg;90411;3;97074
Philosophische Fakultät;Nürnberg;90425;3;97074
Philosophische Fakultät;Nürnberg;90455;4;97074
Philosophische Fakultät;Nürnberg;90480;4;97074
Philosophische Fakultät;Nürnberg;90491;4;97074
Philosophische Fakultät;Nürnberg;Undefined;20;97074
Philosophische Fakultät;Oberhausen;46049;3;97074
Philosophische Fakultät;Obernbreit;97342;7;97074
Philosophische Fakultät;Obernburg;63785;4;97074
Philosophische Fakultät;Obernzenn;91619;3;97074
Philosophische Fakultät;Oberthulba;97723;4;97074
Philosophische Fakultät;Oberwerrn;97464;5;97074
Philosophische Fakultät;Ochsenfurt;97199;31;97074
Philosophische Fakultät;Oerlenbach;97714;3;97074
Philosophische Fakultät;Passau;Undefined;4;97074
Philosophische Fakultät;Petersaurach;91580;3;97074
Philosophische Fakultät;Petersberg;36100;7;97074
Philosophische Fakultät;Poppenhausen;97490;3;97074
Philosophische Fakultät;Prichsenstadt;97357;4;97074
Philosophische Fakultät;Randersacker;97236;19;97074
Philosophische Fakultät;Rannungen;97517;3;97074
Philosophische Fakultät;Regensburg;93053;3;97074
Philosophische Fakultät;Regensburg;Undefined;8;97074
Philosophische Fakultät;Reichenberg;97234;9;97074
Philosophische Fakultät;Remlingen;97280;5;97074
Philosophische Fakultät;Rentweinsdorf;96184;3;97074
Philosophische Fakultät;Retzbach;97225;3;97074
Philosophische Fakultät;Retzstadt;97282;4;97074
Philosophische Fakultät;Rieneck;97794;6;97074
Philosophische Fakultät;Rimpar;97222;18;97074
Philosophische Fakultät;Rosenheim;83024;3;97074
Philosophische Fakultät;Roth;91154;3;97074
Philosophische Fakultät;Rothenburg ob der Tauber;91541;9;97074
Philosophische Fakultät;Rottendorf;97228;32;97074
Philosophische Fakultät;Rödelsee;97348;4;97074
Philosophische Fakultät;Röthlein;97520;5;97074
Philosophische Fakultät;Rüdenau;63924;4;97074
Philosophische Fakultät;Sachsen bei Ansbach;91623;4;97074
Philosophische Fakultät;Sailauf;63877;3;97074
Philosophische Fakultät;Schaafheim;64850;4;97074
Philosophische Fakultät;Scheinfeld;91443;4;97074
Philosophische Fakultät;Schleusingen;98553;3;97074
Philosophische Fakultät;Schlüsselfeld;96132;5;97074
Philosophische Fakultät;Schmalkalden;98574;3;97074
Philosophische Fakultät;Schmitten;61389;3;97074
Philosophische Fakultät;Schonungen;97453;10;97074
Philosophische Fakultät;Schwabach;91126;3;97074
Philosophische Fakultät;Schwanfeld;97523;3;97074
Philosophische Fakultät;Schwarzach;97359;5;97074
Philosophische Fakultät;Schwarzach am Main;97359;4;97074
Philosophische Fakultät;Schwebheim;97525;4;97074
Philosophische Fakultät;Schweinfurt;97421;16;97074
Philosophische Fakultät;Schweinfurt;97422;24;97074
Philosophische Fakultät;Schweinfurt;97424;18;97074
Philosophische Fakultät;Schwetzingen;68723;4;97074
Philosophische Fakultät;Schwäbisch Hall;74523;9;97074
Philosophische Fakultät;Schöllkrippen;63825;4;97074
Philosophische Fakultät;Segnitz;97340;4;97074
Philosophische Fakultät;Seinsheim;97342;4;97074
Philosophische Fakultät;Senden;89250;3;97074
Philosophische Fakultät;Sennfeld;97526;5;97074
Philosophische Fakultät;Seoul;Undefined;3;97074
Philosophische Fakultät;Sinsheim;74889;3;97074
Philosophische Fakultät;Sommerach;97334;6;97074
Philosophische Fakultät;Sommerhausen;97286;10;97074
Philosophische Fakultät;Sonnefeld;96242;3;97074
Philosophische Fakultät;Stegaurach;96135;3;97074
Philosophische Fakultät;Strullendorf;96129;3;97074
Philosophische Fakultät;Stuttgart;Undefined;7;97074
Philosophische Fakultät;Sulzbach am Main;63834;5;97074
Philosophische Fakultät;Sulzheim;97529;3;97074
Philosophische Fakultät;Tauberbischofsheim;97941;30;97074
Philosophische Fakultät;Taunusstein;65232;3;97074
Philosophische Fakultät;Theilheim;97288;11;97074
Philosophische Fakultät;Thüngen;97289;4;97074
Philosophische Fakultät;Thüngersheim;97291;6;97074
Philosophische Fakultät;Triefenstein;97855;10;97074
Philosophische Fakultät;Tübingen;Undefined;5;97074
Philosophische Fakultät;Uettingen;97292;3;97074
Philosophische Fakultät;Uffenheim;97215;11;97074
Philosophische Fakultät;Ulm;Undefined;5;97074
Philosophische Fakultät;Undefined;Undefined;1355;97074
Philosophische Fakultät;Unterpleichfeld;97294;6;97074
Philosophische Fakultät;Unterspiesheim;97509;3;97074
Philosophische Fakultät;Urspringen;97857;4;97074
Philosophische Fakultät;Veitshöchheim;97209;25;97074
Philosophische Fakultät;Volkach;97332;20;97074
Philosophische Fakultät;Waiblingen;Undefined;3;97074
Philosophische Fakultät;Waigolshausen;97534;3;97074
Philosophische Fakultät;Waldaschaff;63857;6;97074
Philosophische Fakultät;Waldbrunn;97295;10;97074
Philosophische Fakultät;Waldbüttelbrunn;97297;17;97074
Philosophische Fakultät;Wassertrüdingen;91717;4;97074
Philosophische Fakultät;Weidenbach;91746;3;97074
Philosophische Fakultät;Weihenzell;91629;4;97074
Philosophische Fakultät;Weikersheim;97990;8;97074
Philosophische Fakultät;Weißenhorn;Undefined;3;97074
Philosophische Fakultät;Werneck;97440;8;97074
Philosophische Fakultät;Wertheim;97877;27;97074
Philosophische Fakultät;Wiesbaden;Undefined;3;97074
Philosophische Fakultät;Wiesen;63831;3;97074
Philosophische Fakultät;Wiesenbronn;97355;4;97074
Philosophische Fakultät;Wiesentheid;97353;7;97074
Philosophische Fakultät;Wieseth;91632;4;97074
Philosophische Fakultät;Willanzheim;97348;3;97074
Philosophische Fakultät;Windsbach;91575;3;97074
Philosophische Fakultät;Wolframs-Eschenbach;91639;5;97074
Philosophische Fakultät;Wuerzburg;97070;3;97074
Philosophische Fakultät;Wörnitz;91637;3;97074
Philosophische Fakultät;Würzburg;97070;270;97074
Philosophische Fakultät;Würzburg;97072;324;97074
Philosophische Fakultät;Würzburg;97074;375;97074
Philosophische Fakultät;Würzburg;97076;53;97074
Philosophische Fakultät;Würzburg;97078;69;97074
Philosophische Fakultät;Würzburg;97080;187;97074
Philosophische Fakultät;Würzburg;97082;174;97074
Philosophische Fakultät;Würzburg;97084;113;97074
Philosophische Fakultät;Zell;97299;5;97074
Philosophische Fakultät;Zell a. Main;97299;5;97074
Philosophische Fakultät;Zell am Main;97299;8;97074
Philosophische Fakultät;Zellingen;97225;16;97074
Philosophische Fakultät;Zeuzleben;97440;3;97074
Professional School of Education;Undefined;Undefined;7;97074
Professional School of Education;Würzburg;Undefined;4;97074
Referat 2.4: Studienberatung;Estenfeld;97230;3;97074
Referat 2.4: Studienberatung;Hettstadt;97265;4;97074
Referat 2.4: Studienberatung;Höchberg;97204;3;97074
Referat 2.4: Studienberatung;Rimpar;97222;4;97074
Referat 2.4: Studienberatung;Schweinfurt;97422;4;97074
Referat 2.4: Studienberatung;Tauberbischofsheim;97941;4;97074
Referat 2.4: Studienberatung;Undefined;Undefined;57;97074
Referat 2.4: Studienberatung;Veitshöchheim;97209;3;97074
Referat 2.4: Studienberatung;Würzburg;97076;9;97074
Referat 2.4: Studienberatung;Würzburg;97082;3;97074
Referat 2.4: Studienberatung;Würzburg;97084;6;97074
Referat 2.4: Studienberatung;Würzburg;Undefined;5;97074
UWGS University of Würzburg Graduate Schools;Bergtheim;97241;3;97074
UWGS University of Würzburg Graduate Schools;Bochum;Undefined;3;97074
UWGS University of Würzburg Graduate Schools;Gerbrunn;97218;19;97074
UWGS University of Würzburg Graduate Schools;Heidelberg;Undefined;3;97074
UWGS University of Würzburg Graduate Schools;Höchberg;97204;5;97074
UWGS University of Würzburg Graduate Schools;Undefined;Undefined;126;97074
UWGS University of Würzburg Graduate Schools;Wuerzburg;97076;3;97074
UWGS University of Würzburg Graduate Schools;Wuerzburg;97078;3;97074
UWGS University of Würzburg Graduate Schools;Wuerzburg;97080;5;97074
UWGS University of Würzburg Graduate Schools;Würzburg;97070;43;97074
UWGS University of Würzburg Graduate Schools;Würzburg;97072;60;97074
UWGS University of Würzburg Graduate Schools;Würzburg;97074;53;97074
UWGS University of Würzburg Graduate Schools;Würzburg;97076;19;97074
UWGS University of Würzburg Graduate Schools;Würzburg;97078;21;97074
UWGS University of Würzburg Graduate Schools;Würzburg;97080;72;97074
UWGS University of Würzburg Graduate Schools;Würzburg;97082;16;97074
UWGS University of Würzburg Graduate Schools;Würzburg;97084;12;97074
Wirtschaftswissenschaftliche Fakultät;Aalen;73431;3;"97070"
Wirtschaftswissenschaftliche Fakultät;Altertheim;97237;6;"97070"
Wirtschaftswissenschaftliche Fakultät;Alzenau;63755;5;"97070"
Wirtschaftswissenschaftliche Fakultät;Ansbach;91522;12;"97070"
Wirtschaftswissenschaftliche Fakultät;Aschaffenburg;63739;3;"97070"
Wirtschaftswissenschaftliche Fakultät;Aschaffenburg;63741;3;"97070"
Wirtschaftswissenschaftliche Fakultät;Bad Kissingen;97688;9;"97070"
Wirtschaftswissenschaftliche Fakultät;Bad Mergentheim;97980;12;"97070"
Wirtschaftswissenschaftliche Fakultät;Bad Neustadt;97616;3;"97070"
Wirtschaftswissenschaftliche Fakultät;Bad Vilbel;61118;3;"97070"
Wirtschaftswissenschaftliche Fakultät;Bad Windsheim;91438;5;"97070"
Wirtschaftswissenschaftliche Fakultät;Baden-Baden;Undefined;3;"97070"
Wirtschaftswissenschaftliche Fakultät;Bamberg;96049;4;"97070"
Wirtschaftswissenschaftliche Fakultät;Bamberg;Undefined;5;"97070"
Wirtschaftswissenschaftliche Fakultät;Bayreuth;Undefined;4;"97070"
Wirtschaftswissenschaftliche Fakultät;Bergrheinfeld;97493;5;"97070"
Wirtschaftswissenschaftliche Fakultät;Bergtheim;97241;6;"97070"
Wirtschaftswissenschaftliche Fakultät;Berlin;Undefined;5;"97070"
Wirtschaftswissenschaftliche Fakultät;Biebelried;97318;3;"97070"
Wirtschaftswissenschaftliche Fakultät;Bretzfeld;74626;3;"97070"
Wirtschaftswissenschaftliche Fakultät;Burkardroth;97705;3;"97070"
Wirtschaftswissenschaftliche Fakultät;Crailsheim;74564;12;"97070"
Wirtschaftswissenschaftliche Fakultät;Dettelbach;97337;6;"97070"
Wirtschaftswissenschaftliche Fakultät;Dinkelsbühl;91550;5;"97070"
Wirtschaftswissenschaftliche Fakultät;Düsseldorf;Undefined;4;"97070"
Wirtschaftswissenschaftliche Fakultät;Eibelstadt;97246;5;"97070"
Wirtschaftswissenschaftliche Fakultät;Eichenzell;36124;6;"97070"
Wirtschaftswissenschaftliche Fakultät;Eisingen;97249;3;"97070"
Wirtschaftswissenschaftliche Fakultät;Erlabrunn;97250;4;"97070"
Wirtschaftswissenschaftliche Fakultät;Erlangen;Undefined;5;"97070"
Wirtschaftswissenschaftliche Fakultät;Erlenbach;97837;4;"97070"
Wirtschaftswissenschaftliche Fakultät;Erlenbach am Main;63906;5;"97070"
Wirtschaftswissenschaftliche Fakultät;Estenfeld;97230;16;"97070"
Wirtschaftswissenschaftliche Fakultät;Eußenheim;97776;4;"97070"
Wirtschaftswissenschaftliche Fakultät;Feuchtwangen;91555;3;"97070"
Wirtschaftswissenschaftliche Fakultät;Filderstadt;70794;5;"97070"
Wirtschaftswissenschaftliche Fakultät;Flein;74223;5;"97070"
Wirtschaftswissenschaftliche Fakultät;Frankfurt am Main;Undefined;6;"97070"
Wirtschaftswissenschaftliche Fakultät;Fulda;36041;9;"97070"
Wirtschaftswissenschaftliche Fakultät;Fürth;Undefined;8;"97070"
Wirtschaftswissenschaftliche Fakultät;Gemünden am Main;97737;3;"97070"
Wirtschaftswissenschaftliche Fakultät;Gerbrunn;97218;22;"97070"
Wirtschaftswissenschaftliche Fakultät;Gerolzhofen;97447;3;"97070"
Wirtschaftswissenschaftliche Fakultät;Giebelstadt;97232;5;"97070"
Wirtschaftswissenschaftliche Fakultät;Goldbach;63773;3;"97070"
Wirtschaftswissenschaftliche Fakultät;Greußenheim;97259;3;"97070"
Wirtschaftswissenschaftliche Fakultät;Großlangheim;97320;3;"97070"
Wirtschaftswissenschaftliche Fakultät;Gunzenhausen;91710;4;"97070"
Wirtschaftswissenschaftliche Fakultät;Güntersleben;97261;11;"97070"
Wirtschaftswissenschaftliche Fakultät;Hammelburg;97762;3;"97070"
Wirtschaftswissenschaftliche Fakultät;Hanau;Undefined;4;"97070"
Wirtschaftswissenschaftliche Fakultät;Hassfurt;97437;3;"97070"
Wirtschaftswissenschaftliche Fakultät;Haßfurt;97437;5;"97070"
Wirtschaftswissenschaftliche Fakultät;Heidelberg;Undefined;3;"97070"
Wirtschaftswissenschaftliche Fakultät;Heilbronn;74074;3;"97070"
Wirtschaftswissenschaftliche Fakultät;Heilbronn;Undefined;3;"97070"
Wirtschaftswissenschaftliche Fakultät;Hettstadt;97265;3;"97070"
Wirtschaftswissenschaftliche Fakultät;Höchberg;97204;16;"97070"
Wirtschaftswissenschaftliche Fakultät;Höpfingen;74746;4;"97070"
Wirtschaftswissenschaftliche Fakultät;Hösbach;63768;8;"97070"
Wirtschaftswissenschaftliche Fakultät;Igersheim;97999;3;"97070"
Wirtschaftswissenschaftliche Fakultät;Ingolstadt;Undefined;3;"97070"
Wirtschaftswissenschaftliche Fakultät;Iphofen;97346;6;"97070"
Wirtschaftswissenschaftliche Fakultät;Karlsruhe;Undefined;3;"97070"
Wirtschaftswissenschaftliche Fakultät;Karlstadt;97753;20;"97070"
Wirtschaftswissenschaftliche Fakultät;Karsbach;97783;3;"97070"
Wirtschaftswissenschaftliche Fakultät;Kassel;Undefined;3;"97070"
Wirtschaftswissenschaftliche Fakultät;Kempten;Undefined;4;"97070"
Wirtschaftswissenschaftliche Fakultät;Kirchheim unter Teck;73230;3;"97070"
Wirtschaftswissenschaftliche Fakultät;Kitzingen;97318;25;"97070"
Wirtschaftswissenschaftliche Fakultät;Kleinrinderfeld;97271;3;"97070"
Wirtschaftswissenschaftliche Fakultät;Külsheim;97900;3;"97070"
Wirtschaftswissenschaftliche Fakultät;Künzell;36093;4;"97070"
Wirtschaftswissenschaftliche Fakultät;Künzelsau;74653;3;"97070"
Wirtschaftswissenschaftliche Fakultät;Kürnach;97273;9;"97070"
Wirtschaftswissenschaftliche Fakultät;Lauda-Königshofen;97922;6;"97070"
Wirtschaftswissenschaftliche Fakultät;Lehrberg;91611;3;"97070"
Wirtschaftswissenschaftliche Fakultät;Leinach;97274;3;"97070"
Wirtschaftswissenschaftliche Fakultät;Leinburg;91227;3;"97070"
Wirtschaftswissenschaftliche Fakultät;Lohr am Main;97816;9;"97070"
Wirtschaftswissenschaftliche Fakultät;Margetshöchheim;97276;3;"97070"
Wirtschaftswissenschaftliche Fakultät;Marktbreit;97340;5;"97070"
Wirtschaftswissenschaftliche Fakultät;Marktheidenfeld;97828;8;"97070"
Wirtschaftswissenschaftliche Fakultät;Miltenberg;63897;4;"97070"
Wirtschaftswissenschaftliche Fakultät;Mosbach;74821;3;"97070"
Wirtschaftswissenschaftliche Fakultät;Mudau;69427;3;"97070"
Wirtschaftswissenschaftliche Fakultät;München;Undefined;21;"97070"
Wirtschaftswissenschaftliche Fakultät;Neuhof;36119;3;"97070"
Wirtschaftswissenschaftliche Fakultät;Niederwerrn;97464;5;"97070"
Wirtschaftswissenschaftliche Fakultät;Nürnberg;Undefined;15;"97070"
Wirtschaftswissenschaftliche Fakultät;Oberthulba;97723;6;"97070"
Wirtschaftswissenschaftliche Fakultät;Ochsenfurt;97199;13;"97070"
Wirtschaftswissenschaftliche Fakultät;Osterburken;74706;3;"97070"
Wirtschaftswissenschaftliche Fakultät;Petersberg;36100;5;"97070"
Wirtschaftswissenschaftliche Fakultät;Pforzheim;Undefined;3;"97070"
Wirtschaftswissenschaftliche Fakultät;Randersacker;97236;5;"97070"
Wirtschaftswissenschaftliche Fakultät;Regensburg;Undefined;3;"97070"
Wirtschaftswissenschaftliche Fakultät;Reichenberg;97234;4;"97070"
Wirtschaftswissenschaftliche Fakultät;Reutlingen;Undefined;3;"97070"
Wirtschaftswissenschaftliche Fakultät;Rimpar;97222;9;"97070"
Wirtschaftswissenschaftliche Fakultät;Rothenburg ob der Tauber;91541;3;"97070"
Wirtschaftswissenschaftliche Fakultät;Rottendorf;97228;9;"97070"
Wirtschaftswissenschaftliche Fakultät;Scheinfeld;91443;3;"97070"
Wirtschaftswissenschaftliche Fakultät;Schonungen;97453;4;"97070"
Wirtschaftswissenschaftliche Fakultät;Schwebheim;97525;3;"97070"
Wirtschaftswissenschaftliche Fakultät;Schweinfurt;97421;9;"97070"
Wirtschaftswissenschaftliche Fakultät;Schweinfurt;97422;11;"97070"
Wirtschaftswissenschaftliche Fakultät;Schweinfurt;97424;5;"97070"
Wirtschaftswissenschaftliche Fakultät;Schwäbisch Hall;74523;4;"97070"
Wirtschaftswissenschaftliche Fakultät;Seinsheim;97342;3;"97070"
Wirtschaftswissenschaftliche Fakultät;Sommerach;97334;4;"97070"
Wirtschaftswissenschaftliche Fakultät;Strahlungen;97618;3;"97070"
Wirtschaftswissenschaftliche Fakultät;Stuttgart;Undefined;3;"97070"
Wirtschaftswissenschaftliche Fakultät;Tauberbischofsheim;97941;6;"97070"
Wirtschaftswissenschaftliche Fakultät;Thüngersheim;97291;4;"97070"
Wirtschaftswissenschaftliche Fakultät;Triefenstein;97855;5;"97070"
Wirtschaftswissenschaftliche Fakultät;Uffenheim;97215;3;"97070"
Wirtschaftswissenschaftliche Fakultät;Undefined;Undefined;789;"97070"
Wirtschaftswissenschaftliche Fakultät;Veitshöchheim;97209;7;"97070"
Wirtschaftswissenschaftliche Fakultät;Volkach;97332;9;"97070"
Wirtschaftswissenschaftliche Fakultät;Waldbrunn;97295;3;"97070"
Wirtschaftswissenschaftliche Fakultät;Waldbüttelbrunn;97297;7;"97070"
Wirtschaftswissenschaftliche Fakultät;Walldürn;74731;3;"97070"
Wirtschaftswissenschaftliche Fakultät;Werneck;97440;5;"97070"
Wirtschaftswissenschaftliche Fakultät;Wertheim;97877;22;"97070"
Wirtschaftswissenschaftliche Fakultät;Wiesbaden;Undefined;3;"97070"
Wirtschaftswissenschaftliche Fakultät;Wiesentheid;97353;9;"97070"
Wirtschaftswissenschaftliche Fakultät;Willanzheim;97348;4;"97070"
Wirtschaftswissenschaftliche Fakultät;Würzburg;97070;88;"97070"
Wirtschaftswissenschaftliche Fakultät;Würzburg;97072;117;"97070"
Wirtschaftswissenschaftliche Fakultät;Würzburg;97074;113;"97070"
Wirtschaftswissenschaftliche Fakultät;Würzburg;97076;24;"97070"
Wirtschaftswissenschaftliche Fakultät;Würzburg;97078;21;"97070"
Wirtschaftswissenschaftliche Fakultät;Würzburg;97080;54;"97070"
Wirtschaftswissenschaftliche Fakultät;Würzburg;97082;54;"97070"
Wirtschaftswissenschaftliche Fakultät;Würzburg;97084;38;"97070"
Wirtschaftswissenschaftliche Fakultät;Zell a. Main;97299;4;"97070"
Wirtschaftswissenschaftliche Fakultät;Zell am Main;97299;5;"97070"
Wirtschaftswissenschaftliche Fakultät;Zellingen;97225;9;"97070"
Wirtschaftswissenschaftliche Fakultät;Öhringen;74613;3;"97070"
